Organismo,Año adjudicación,Fecha de adjudicación,Fecha de autorización del proceso,Tipo de contratación,Número de proceso,Año licitación,Proceso,Objeto,Descripción completa,Renglón,Cantidad,Unidad de medida,Precio unitario,Proveedor,Proveedor normalizado,Monto,Observaciones,Link al doc,Link adicional
Secretaría de Gobierno de Salud,2018,1/06/2018,16/02/2018,Contratación directa por urgencia,80-0003-CDI18,2018,Original,Leche en polvo fortificada,"LECHE ENTERA EN POLVO INSTANTÁNEA FORTIFICADA CON HIERRO, ZINC Y ÁCIDO ASCÓRBICO. MARCA: PURISIMA. PRESENTACION: ENVASE POR MIL (1.000) GRAMOS.",1,"150.000,00",Unidad ,"103,04",Fábrica de alimentos Santa Clara S.A.,,"15.456.000,00",Urgencia por problema con otra licitación /Región de distribución: Patagonia,https://drive.google.com/open?id=12NDl9fg1tRxVTH60HtFZPAhjknhLrvp5,
Secretaría de Gobierno de Salud,2018,1/06/2018,16/02/2018,Contratación directa por urgencia,80-0003-CDI18,2018,Original,Leche en polvo fortificada,"DESCRIPCION: LECHE ENTERA EN POLVO INSTANTÁNEA FORTIFICADA CON HIERRO, ZINC Y ÁCIDO ASCÓRBICO. MARCA: PURISIMA. PRESENTACION: ENVASE POR MIL (1.000) GRAMOS. R.N.P.A. N°: 025/080000019-3-7/136 ",1,"169.500,00",Unidad ,"103,05",S.A. La Sibila,Sociedad Anónima La Sibila,"17.466.975,00",Urgencia por problema con otra licitación /Región de distribución: Patagonia,https://drive.google.com/open?id=12NDl9fg1tRxVTH60HtFZPAhjknhLrvp5,
Secretaría de Gobierno de Salud,2018,13/12/2018,,Contratación directa por urgencia,80-0003-CDI18,2018,Ampliación de orden de compra,Leche en polvo fortificada,"DESCRIPCION: LECHE ENTERA EN POLVO INSTANTÁNEA FORTIFICADA CON HIERRO, ZINC Y ÁCIDO ASCÓRBICO. MARCA: PURISIMA. PRESENTACION: ENVASE POR MIL (1.000) GRAMOS. R.N.P.A. N°: 025/080000019-3-7/136 ",1,"33.900,00",Unidad ,"103,05",S.A. La Sibila,Sociedad Anónima La Sibila,"3.493.395,00",Urgencia por problema con otra licitación /Región de distribución: Patagonia,https://drive.google.com/open?id=12NDl9fg1tRxVTH60HtFZPAhjknhLrvp5,
Secretaría de Gobierno de Salud,2018,18/06/2018,12/04/2018,Licitación Pública,80-0006-LPU18,2018,Original,Adquisición de leche para prematuros,"FORMULA LACTEA COMPLETA EN POLVO PARA LACTANTES DE BAJO PESO AL NACER CON HIERRO, CON PREBIOTICOS Y PROBIOTICOS, ACIDOS GRASOS POLIINSATURADOS DE CADENA LARGA. LIBRE DE GLUTEN. MARCA COMERCIAL: NUTRIBABY PREMATUROS PRESENTACION: LATA HERMETICAMENTE SELLADA CONTENIENDO 400 GR Y ESTUCHE POR 15 STICKS (15 GR). NUMERO DE CERTIFICADO RNPA: 025/080000019-3-7/155 ",1,"33.000.000,00",Unidad,"0,390225",Rofina SAICF,Rofina SAICF,"12.877.425,00",,,
Desarrollo Social de Nación,2014,21/01/2014,26/08/2013,Licitación Pública,86,2013,Original,Leche en polvo fortificada,"Leche entera en polvo, instantánea, fortificada con hierro, zinc y ácido ascórbico",1,200.000,Estuche por 800 gr.,"29,495",Compañía Americana de Alimentos S.A.,Compañía de Alimentos S.A.,5.899.000,Cuestionamiento de la licitación. Ver link adicional.,https://www.boletinoficial.gob.ar/detalleAviso/primera/99775/20131224?busqueda=1,https://www.hcdn.gob.ar/proyectos/proyectoTP.jsp?exp=8217-D-2013
Desarrollo Social de Nación,2014,21/01/2014,26/08/2013,Licitación Pública,86,2013,Original,Leche en polvo fortificada,"Leche entera en polvo, instantánea, fortificada con hierro, zinc y ácido ascórbico",2,200.000,Estuche por 800 gr.,"29,495",Compañía Americana de Alimentos S.A.,Compañía de Alimentos S.A.,5.899.000,Cuestionamiento de la licitación. Ver link adicional.,https://www.boletinoficial.gob.ar/detalleAviso/primera/99775/20131224?busqueda=1,https://www.hcdn.gob.ar/proyectos/proyectoTP.jsp?exp=8217-D-2013
Desarrollo Social de Nación,2014,22/01/2014,26/08/2013,Licitación Pública,86,2013,Original,Leche en polvo fortificada,"Leche entera en polvo, instantánea, fortificada con hierro, zinc y ácido ascórbico",2,200.000,Estuche por 800 gr.,"32,83",Alimentos Vida S.A.,Alimentos Vida S.A.,6.566.000,Cuestionamiento de la licitación. Ver link adicional.,https://www.boletinoficial.gob.ar/detalleAviso/primera/99775/20131224?busqueda=1,https://www.hcdn.gob.ar/proyectos/proyectoTP.jsp?exp=8217-D-2013
Desarrollo Social de Nación,2014,23/01/2014,26/08/2013,Licitación Pública,86,2013,Original,Leche en polvo fortificada,"Leche entera en polvo, instantánea, fortificada con hierro, zinc y ácido ascórbico",4,200.000,Estuche por 800 gr.,"35,92",Sancor Cooperativas Unidas Limitada,Sancor Cooperativas Unidas Limitada,7.184.000,Cuestionamiento de la licitación. Ver link adicional.,https://www.boletinoficial.gob.ar/detalleAviso/primera/99775/20131224?busqueda=1,https://www.hcdn.gob.ar/proyectos/proyectoTP.jsp?exp=8217-D-2013
Desarrollo Social de Nación,2014,24/01/2014,26/08/2013,Licitación Pública,86,2013,Original,Leche en polvo fortificada,"Leche entera en polvo, instantánea, fortificada con hierro, zinc y ácido ascórbico",5,200.000,Estuche por 800 gr.,"35,99",Sociedad Anónima La Sibila,Sociedad Anónima La Sibila,7.198.000,Cuestionamiento de la licitación. Ver link adicional.,https://www.boletinoficial.gob.ar/detalleAviso/primera/99775/20131224?busqueda=1,https://www.hcdn.gob.ar/proyectos/proyectoTP.jsp?exp=8217-D-2013
Desarrollo Social de Nación,2014,12/05/2014,,Licitación Pública,5,2013,Original,Leche en polvo fortificada,"Leche entera en polvo, instantánea, fortificada con hierro, zinc y ácido ascórbico",,250.000,Estuche por 800 gr.,"42,24","Manfrey Cooperativa de Tamberos de Comercialización e Industrialización Ltda.
",Manfrey Cooperativa de Tamberos de Comercialización e Industrialización Limitada,10.560.000,,,
Desarrollo Social de Nación,2014,12/05/2014,,Licitación Pública,5,2013,Original,Leche en polvo fortificada,"Leche entera en polvo, instantánea, fortificada con hierro, zinc y ácido ascórbico",,250.000,Estuche por 800 gr.,"42,48","Compañía Americana de Alimentos S.A.
",Compañía de Alimentos S.A.,10.560.000,,,
Desarrollo Social de Nación,2014,20/08/2014,,Licitación Pública,39,2013,Original,Leche en polvo fortificada,"Leche entera en polvo, instantánea, fortificada con hierro, zinc y ácido ascórbico, según Ley 25.459",,500.000,Estuche por 800 gr.,"43,49",Alimentos Vida S.A.,Alimentos Vida S.A.,21.745.000,,,
Desarrollo Social de Nación,2014,20/08/2014,,Licitación Pública,39,2013,Original,Leche en polvo fortificada,"Leche entera en polvo, instantánea, fortificada con hierro, zinc y ácido ascórbico, según Ley 25.459",,500.000,Estuche por 800 gr.,"43,70",Sucesores de Alfredo Williner S.A.,Sucesores de Alfredo Williner S.A.,21850000,,,
Desarrollo Social de Nación,2014,30/10/2014,,Licitación Pública,84,2013,Original,Leche en polvo fortificada,"Leche entera en polvo, instantánea, fortificada con hierro, zinc y ácido ascórbico, según Ley 25.459",,250.000,Estuche por 800 gr.,"43,49",Compañía Americana de Alimentos S.A.,Compañía de Alimentos S.A.,10.847.500,,,
Desarrollo Social de Nación,2014,30/10/2014,,Licitación Pública,84,2013,Original,Leche en polvo fortificada,"Leche entera en polvo, instantánea, fortificada con hierro, zinc y ácido ascórbico, según Ley 25.459",,250.000,Estuche por 800 gr.,"45,87",Alimentos Vida S.A.,Alimentos Vida S.A.,11.467.500,,,
Desarrollo Social de Nación,2014,30/10/2014,,Licitación Pública,84,2013,Original,Leche en polvo fortificada,"Leche entera en polvo, instantánea, fortificada con hierro, zinc y ácido ascórbico, según Ley 25.459",,500.000,Estuche por 800 gr.,"42,85",Milkaut S.A.,Milkaut S.A.,21.425.000,,,
Desarrollo Social de Nación,2015,26/05/2015,,Licitación Pública,142,2013,Original,Leche en polvo fortificada,"Leche entera en polvo, instantánea, fortificada con hierro, zinc y ácido ascórbico, según Ley 25.459",,250.000,Estuche por 800 gr.,"47,59",Alimentos Vida S.A.,Alimentos Vida S.A.,11.897.500,,,
Desarrollo Social de Nación,2015,26/05/2015,,Licitación Pública,142,2013,Original,Leche en polvo fortificada,"Leche entera en polvo, instantánea, fortificada con hierro, zinc y ácido ascórbico, según Ley 25.459",,250.000,Estuche por 800 gr.,"47,6",Sucesores de Alfredo Williner S.A.,Sucesores de Alfredo Williner S.A.,11.900.000,,,
Desarrollo Social de Nación,2015,26/05/2015,,Licitación Pública,142,2013,Original,Leche en polvo fortificada,"Leche entera en polvo, instantánea, fortificada con hierro, zinc y ácido ascórbico, según Ley 25.459",,500.000,Estuche por 800 gr.,"48,89",Compañía Americana de Alimentos S.A.,Compañía de Alimentos S.A.,24.445.000,,,
Desarrollo Social de Nación,2015,26/08/2015,,Licitación Pública,30,2013,Original,Leche en polvo fortificada,"Leche entera en polvo, instantánea, fortificada con hierro, zinc y ácido ascórbico, según Ley 25.459",,250.000,Estuche por 800 gr.,"45,9",Sociedad Anónima La Sibila,Sociedad Anónima La Sibila,11.475.000,,,
Desarrollo Social de Nación,2015,26/08/2015,,Licitación Pública,30,2013,Original,Leche en polvo fortificada,"Leche entera en polvo, instantánea, fortificada con hierro, zinc y ácido ascórbico, según Ley 25.459",,250.000,Estuche por 800 gr.,"47,6",Manfrey Cooperativa de Tamberos de Comercialización e Industrialización Ltda.,Manfrey Cooperativa de Tamberos de Comercialización e Industrialización Limitada,11.900.000,,,
Desarrollo Social de Nación,2015,26/08/2015,,Licitación Pública,30,2013,Original,Leche en polvo fortificada,"Leche entera en polvo, instantánea, fortificada con hierro, zinc y ácido ascórbico, según Ley 25.459",,500.000,Estuche por 800 gr.,"48,5",Alimentos Vida S.A.,Alimentos Vida S.A.,24.250.000,,,
Desarrollo Social de Nación,2015,3/09/2015,,Licitación Pública,142,2013,Ampliación orden de compra,Leche en polvo fortificada,"Leche entera en polvo, instantánea, fortificada con hierro, zinc y ácido ascórbico, según Ley 25.459",,500.000,Estuche por 800 gr.,"47,59",Alimentos Vida S.A.,Alimentos Vida S.A.,2.379.500,,,
Desarrollo Social de Nación,2015,3/09/2015,,Licitación Pública,142,2013,Ampliación orden de compra,Leche en polvo fortificada,"Leche entera en polvo, instantánea, fortificada con hierro, zinc y ácido ascórbico, según Ley 25.459",,50.000,Estuche por 800 gr.,"47,60",Sucesores de Alfredo Williner S.A.,Sucesores de Alfredo Williner S.A.,2.380.000,,,
Desarrollo Social de Nación,2016,22/02/2016,,Licitación Pública,71,2013,Original,Leche en polvo fortificada,"Leche entera en polvo, instantánea, fortificada con hierro, zinc y ácido ascórbico, según Ley 25.459",,250.000,Estuche por 800 gr.,"30,8",Garcia Hernamos Agroindustrial S.R.L.,García Hernamos Agroindustrial S.R.L.,7.700.000,,,
Desarrollo Social de Nación,2016,22/02/2016,,Licitación Pública,71,2013,Original,Leche en polvo fortificada,"Leche entera en polvo, instantánea, fortificada con hierro, zinc y ácido ascórbico, según Ley 25.459",,250.000,Estuche por 800 gr.,"43,8",Sucesores de Alfredo Williner S.A.,Sucesores de Alfredo Williner S.A.,10.950.000,,,
Desarrollo Social de Nación,2016,22/02/2016,,Licitación Pública,71,2013,Original,Leche en polvo fortificada,"Leche entera en polvo, instantánea, fortificada con hierro, zinc y ácido ascórbico, según Ley 25.459",,500.000,Estuche por 800 gr.,"44,89",Compañía Americana de Alimentos S.A.,Compañía de Alimentos S.A.,22.445.000,,,
Desarrollo Social de Nación,2016,8/04/2016,,Licitación Pública,71,2013,Ampliación orden de compra,Leche en polvo fortificada,"Leche entera en polvo, instantánea, fortificada con hierro, zinc y ácido ascórbico, según Ley 25.459",,87.500,Estuche por 800 gr.,"43,8",Sucesores de Alfredo Williner S.A.,Sucesores de Alfredo Williner S.A.,3.832.500,,,
Desarrollo Social de Nación,2016,27/04/2016,,Licitación Pública,71,2013,Ampliación orden de compra,Leche en polvo fortificada,"Leche entera en polvo, instantánea, fortificada con hierro, zinc y ácido ascórbico, según Ley 25.459",,175.000,Estuche por 800 gr.,"49,89",Compañía Americana de Alimentos S.A.,Compañía de Alimentos S.A.,7.855.750,,,
Desarrollo Social de Nación,2016,7//2016,,Licitación Pública,18,2013,Original,Leche en polvo fortificada,"Leche entera en polvo, instantánea, fortificada con hierro, zinc y ácido ascórbico, según Ley 25.459",,380.000,Estuche por 800 gr.,"44,77",Alimentos Vida S.A.,Alimentos Vida S.A.,17.012.600,,,
Desarrollo Social de Nación,2017,17/03/2017,,Licitación Pública,55,2016,Original,Leche en polvo fortificada,"Leche entera en polvo, instantánea, fortificada con hierro, zinc y ácido ascórbico, según Ley 25.459",,1.500.000,Estuche por 800 gr.,"71,77",Alimentos Vida S.A.,Alimentos Vida S.A.,107.655.000,,,
Desarrollo Social de Nación,2017,17/03/2017,,Licitación Pública,55,2016,Original,Leche en polvo fortificada,"Leche entera en polvo, instantánea, fortificada con hierro, zinc y ácido ascórbico, según Ley 25.459",,500.000,Estuche por 800 gr.,"63,98",Compañía Americana de Alimentos S.A.,Compañía de Alimentos S.A.,31.992.000,,,
Desarrollo Social de Nación,2017,17/03/2017,,Licitación Pública,55,2016,Original,Leche en polvo fortificada,"Leche entera en polvo, instantánea, fortificada con hierro, zinc y ácido ascórbico, según Ley 25.459",,1.000.000,Estuche por 800 gr.,70,Milkaut S.A.,Milkaut S.A.,70.000.000,,,
Desarrollo Social de Nación,2017,17/03/2017,,Licitación Pública,55,2016,Original,Leche en polvo fortificada,"Leche entera en polvo, instantánea, fortificada con hierro, zinc y ácido ascórbico, según Ley 25.459",,500.000,Estuche por 800 gr.,"67,5",Sucesores de Alfredo Williner S.A.,Sucesores de Alfredo Williner S.A.,33.750.000,,,
Desarrollo Social de Nación,2017,11/04/2017,,Licitación Pública,54,2016,Original,Leche en polvo fortificada,"Leche entera en polvo, instantánea, fortificada con hierro, zinc y ácido ascórbico, según Ley 25.459",,260000,Estuche por 800 gr.,"68,98",Compañía Americana de Alimentos S.A.,Compañía de Alimentos S.A.,17.935.840,,,
Desarrollo Social de Nación,2017,14/08/2017,,Licitación Pública,95-0017-LPU17,2017,Original,Leche en polvo fortificada,"Leche entera en polvo, instantánea, fortificada con hierro, zinc y ácido ascórbico, según Ley 25.459",,700.000,Estuche por 800 gr.,"82,78",Compañía Americana de Alimentos S.A.,Compañía de Alimentos S.A.,57.946.000,,,
Desarrollo Social de Nación,2017,14/08/2017,,Licitación Pública,95-0017-LPU17,2017,Original,Leche en polvo fortificada,"Leche entera en polvo, instantánea, fortificada con hierro, zinc y ácido ascórbico, según Ley 25.459",,700.000,Estuche por 800 gr.,"95,7",Alimentos Vida S.A.,Alimentos Vida S.A.,66.990.000,,,
Desarrollo Social de Nación,2017,28/11/2017,,Licitación Pública,95-0017-LPU17,2017,Ampliación orden de compra,Leche en polvo fortificada,"Leche entera en polvo, instantánea, fortificada con hierro, zinc y ácido ascórbico, según Ley 25.459",,245.000,Estuche por 800 gr.,"95,7",Alimentos Vida S.A.,Alimentos Vida S.A.,23.446.500,,,
Desarrollo Social de Nación,2017,29/11/2017,,Contratación Directa por Compulsa Abreviada por Emergencia,95-0193-CDI17,2017,Original,Leche en polvo fortificada,"Leche entera en polvo, instantánea, fortificada con hierro, zinc y ácido ascórbico, según Ley 25.459",,1.000.000,Estuche por 800 gr.,"77,95",Sociedad Anónima La Sibila,Sociedad Anónima La Sibila,77.950.000,,,
Desarrollo Social de Nación,2018,13/04/2018,,Contratación Directa por Compulsa Abreviada por Emergencia,95-0193-CDI17,2017,Ampliación orden de compra,Leche en polvo fortificada,"Leche entera en polvo, instantánea, fortificada con hierro, zinc y ácido ascórbico, según Ley 25.459",,350.000,Estuche por 800 gr.,"77,95",Sociedad Anónima La Sibila,Sociedad Anónima La Sibila,27.282.500,,,
Desarrollo Social de Nación,2018,13/03/2018,,Licitación Pública,95-0061-LPU17,2017,Original,Leche en polvo fortificada,"Leche entera en polvo, instantánea, fortificada con hierro, zinc y ácido ascórbico, según Ley 25.459",,500.000,Kilogramo,"93,75",Tiagro S.R.L.,Tiagro S.R.L.,46.875.000,,,
Desarrollo Social de Nación,2018,13/03/2018,,Licitación Pública,95-0061-LPU17,2017,Original,Leche en polvo fortificada,"Leche entera en polvo, instantánea, fortificada con hierro, zinc y ácido ascórbico, según Ley 25.459",,500.000,Kilogramo,"99,5",Sucesores de Alfredo Williner S.A.,Sucesores de Alfredo Williner S.A.,49.750.000,,,
Desarrollo Social de Nación,2018,13/03/2018,,Licitación Pública,95-0061-LPU17,2017,Original,Leche en polvo fortificada,"Leche entera en polvo, instantánea, fortificada con hierro, zinc y ácido ascórbico, según Ley 25.459",,500.000,Kilogramo,"100,98",Sociedad Anónima La Sibila,Sociedad Anónima La Sibila,50.490.000,,,
Desarrollo Social de Nación,2018,13/03/2018,,Licitación Pública,95-0061-LPU17,2017,Original,Leche en polvo fortificada,"Leche entera en polvo, instantánea, fortificada con hierro, zinc y ácido ascórbico, según Ley 25.459",,500.000,Kilogramo,"110,00",Lacteos La Ramada S.A.,Lácteos La Ramada S.A.,55.000.000,,,
Desarrollo Social de Nación,2018,08/08/2018,,Licitación Pública,95-0061-LPU17,2017,Ampliación orden de compra,Leche en polvo fortificada,"Leche entera en polvo, instantánea, fortificada con hierro, zinc y ácido ascórbico, según Ley 25.459",,100.000,Kilogramo,"93,75",Tiagro S.R.L.,Tiagro S.R.L.,9.375.000,,,
Desarrollo Social de Nación,2018,08/08/2018,,Licitación Pública,95-0061-LPU17,2017,Ampliación orden de compra,Leche en polvo fortificada,"Leche entera en polvo, instantánea, fortificada con hierro, zinc y ácido ascórbico, según Ley 25.459",,100.000,Kilogramo,"99,5",Sucesores de Alfredo Williner S.A.,Sucesores de Alfredo Williner S.A.,9.950.000,,,
Desarrollo Social de Nación,2018,08/08/2018,,Licitación Pública,95-0061-LPU17,2017,Ampliación orden de compra,Leche en polvo fortificada,"Leche entera en polvo, instantánea, fortificada con hierro, zinc y ácido ascórbico, según Ley 25.459",,100.000,Kilogramo,"100,98",Sociedad Anónima La Sibila,Sociedad Anónima La Sibila,10.098.000,,,
Desarrollo Social de Nación,2018,08/08/2018,,Licitación Pública,95-0061-LPU17,2017,Ampliación orden de compra,Leche en polvo fortificada,"Leche entera en polvo, instantánea, fortificada con hierro, zinc y ácido ascórbico, según Ley 25.459",,100.000,Kilogramo,"110,00",Lacteos La Ramada S.A.,Lácteos La Ramada S.A.,11.000.000,,,
Desarrollo Social de Nación,2018,16/07/2018,,Licitación Pública,95-0125-LPU17,2017,Original,Leche en polvo fortificada,"Leche entera en polvo, instantánea, fortificada con hierro, zinc y ácido ascórbico, según Ley 25.459",,566.000,Kilogramo,"99,77",Alimentos Vida S.A.,Alimentos Vida S.A.,56.469.820,,,
Desarrollo Social de Nación,2018,16/07/2018,,Licitación Pública,95-0125-LPU17,2017,Original,Leche en polvo fortificada,"Leche entera en polvo, instantánea, fortificada con hierro, zinc y ácido ascórbico, según Ley 25.459",,500.000,Kilogramo,"102,74",Fabrica de Alimentos Santa Clara S.A.,,51.370.000,,,
Desarrollo Social de Nación,2018,16/07/2018,,Licitación Pública,95-0125-LPU17,2017,Original,Leche en polvo fortificada,"Leche entera en polvo, instantánea, fortificada con hierro, zinc y ácido ascórbico, según Ley 25.459",,1.500.000,Kilogramo,"102,75",Sucesores de Alfredo Williner S.A.,Sucesores de Alfredo Williner S.A.,154.125.000,,,
Desarrollo Social de Nación,2018,15/11/2018,,Licitación Pública,95-0125-LPU17,2017,Ampliación orden de compra,Leche en polvo fortificada,"Leche entera en polvo, instantánea, fortificada con hierro, zinc y ácido ascórbico, según Ley 25.459",,300.000,Kilogramo,"102,75",Sucesores de Alfredo Williner S.A.,Sucesores de Alfredo Williner S.A.,30.825.000,,,
Desarrollo Social de Nación,2018,16/10/2018,,Licitación Pública,95-0026-LPU18,2018,Original,Leche en polvo fortificada,"Leche entera en polvo, instantánea, fortificada con hierro, zinc y ácido ascórbico, según Ley 25.459",,400.000,Kilogramo,"142,64",Sociedad Anónima La Sibila,Sociedad Anónima La Sibila,57.056.000,,,
Desarrollo Social de Nación,2018,16/10/2018,,Licitación Pública,95-0026-LPU18,2018,Original,Leche en polvo fortificada,"Leche entera en polvo, instantánea, fortificada con hierro, zinc y ácido ascórbico, según Ley 25.459",,400.000,Kilogramo,148,Manfrey Cooperativa de Tamberos de Comercialización e Industrialización Ltda.,Manfrey Cooperativa de Tamberos de Comercialización e Industrialización Limitada,59.200.000,,,
Desarrollo Social de Nación,2018,27/11/2018,,Licitación Pública,95-0026-LPU18,2018,Ampliación orden de compra,Leche en polvo fortificada,"Leche entera en polvo, instantánea, fortificada con hierro, zinc y ácido ascórbico, según Ley 25.459",,80.000,Kilogramo,"142,64",Sociedad Anónima La Sibila,Sociedad Anónima La Sibila,11.411.200,,,
Desarrollo Social de Nación,2018,27/11/2018,,Licitación Pública,95-0026-LPU18,2018,Ampliación orden de compra,Leche en polvo fortificada,"Leche entera en polvo, instantánea, fortificada con hierro, zinc y ácido ascórbico, según Ley 25.459",,80.000,Kilogramo,148,Manfrey Cooperativa de Tamberos de Comercialización e Industrialización Ltda.,Manfrey Cooperativa de Tamberos de Comercialización e Industrialización Limitada,11.840.000,,,
Desarrollo Social de Nación,2018,15/11/2018,,Contratación directa por adjudicación simple por urgencia,95-0261-CDI18,2018,Original,Leche en polvo fortificada,"Leche entera en polvo, instantánea, fortificada con hierro, zinc y ácido ascórbico, según Ley 25.459",,750.000,Kilogramo,135,Mastellone Hnos S.A.,Mastellone Hnos S.A.,101.250.000,,,
Desarrollo Social de Nación,2018,10/12/2018,,Contratación directa por adjudicación simple por urgencia,95-0261-CDI18,2018,Ampliación orden de compra,Leche en polvo fortificada,"Leche entera en polvo, instantánea, fortificada con hierro, zinc y ácido ascórbico, según Ley 25.459",,262.500,Kilogramo,135,Mastellone Hnos S.A.,Mastellone Hnos S.A.,35.437.500,,,
Ministerio de Salud y Desarrollo Social,2019,08/03/2019,Documento roto en Comprar,Licitación Pública,95-0054-LPU18,2018,Original,Leche en polvo fortificada,"Leche entera en polvo, instantánea, fortificada con hierro, zinc y ácido ascórbico, según Ley 25.459",1,520.000,Kilogramo,"184,5",Sociedad Anónima La Sibila,Sociedad Anónima La Sibila,95.940.000,,https://www.boletinoficial.gob.ar/detalleAviso/primera/202896/20190308,
Ministerio de Salud y Desarrollo Social,2019,08/03/2019,Documento roto en Comprar,Licitación Pública,95-0054-LPU18,2018,Original,Leche en polvo fortificada,"Leche entera en polvo, instantánea, fortificada con hierro, zinc y ácido ascórbico, según Ley 25.459",1,520.000,Kilogramo,"189,5",Manfrey Cooperativa de Tamberos de Comercialización e Industrialización Ltda.,Manfrey Cooperativa de Tamberos de Comercialización e Industrialización Limitada,98.540.000,,https://www.boletinoficial.gob.ar/detalleAviso/primera/202896/20190308,
Ministerio de Salud y Desarrollo Social,2019,08/03/2019,Documento roto en Comprar,Licitación Pública,95-0054-LPU18,2018,Original,Leche en polvo fortificada,"Leche entera en polvo, instantánea, fortificada con hierro, zinc y ácido ascórbico, según Ley 25.459",1,520.000,Kilogramo,195,Tiagro S.R.L.,Tiagro S.R.L.,101.400.000,,https://www.boletinoficial.gob.ar/detalleAviso/primera/202896/20190308,
Ministerio de Salud y Desarrollo Social,2019,08/03/2019,Documento roto en Comprar,Licitación Pública,95-0054-LPU18,2018,Original,Leche en polvo fortificada,"Leche entera en polvo, instantánea, fortificada con hierro, zinc y ácido ascórbico, según Ley 25.459",1,520.000,Kilogramo,196,Sucesores de Alfredo Williner S.A.,Sucesores de Alfredo Williner S.A.,101.920.000,,https://www.boletinoficial.gob.ar/detalleAviso/primera/202896/20190308,
Ministerio de Salud y Desarrollo Social,2019,08/03/2019,Documento roto en Comprar,Licitación Pública,95-0054-LPU18,2018,Original,Leche en polvo fortificada,"Leche entera en polvo, instantánea, fortificada con hierro, zinc y ácido ascórbico, según Ley 25.459",1,520.000,Kilogramo,"205,27",Alimentos Vida S.A.,Alimentos Vida S.A.,106.740.400,,https://www.boletinoficial.gob.ar/detalleAviso/primera/202896/20190308,
Ministerio de Salud y Desarrollo Social,2019,14/06/2019,,Licitación Pública,95-0054-LPU18,2018,Ampliación orden de compra,Leche en polvo fortificada,"Leche entera en polvo, instantánea, fortificada con hierro, zinc y ácido ascórbico, según Ley 25.459",1,104.000,Kilogramo,"189,5",Manfrey Cooperativa de Tamberos de Comercialización e Industrialización Ltda.,Manfrey Cooperativa de Tamberos de Comercialización e Industrialización Limitada,19.708.000,,https://comprar.gob.ar/PLIEGO/VistaPreviaPliegoCiudadano.aspx?qs=BQoBkoMoEhx7bmnLO4nvZO13SuEDZYWDIjh6wEvglex4pFgyqzlcrvt17xXOl77E6WrhCJjH8aeTSHehn5/vgDo0bvmHmvLZ6Kg0Dkq5uwQytnYHxs9bWQ==,
Ministerio de Salud y Desarrollo Social,2019,14/06/2019,,Licitación Pública,95-0054-LPU18,2018,Ampliación orden de compra,Leche en polvo fortificada,"Leche entera en polvo, instantánea, fortificada con hierro, zinc y ácido ascórbico, según Ley 25.459",1,104.000,Kilogramo,"205,27",Alimentos Vida S.A.,Alimentos Vida S.A.,21.348.080,,https://comprar.gob.ar/PLIEGO/VistaPreviaPliegoCiudadano.aspx?qs=BQoBkoMoEhx7bmnLO4nvZO13SuEDZYWDIjh6wEvglex4pFgyqzlcrvt17xXOl77E6WrhCJjH8aeTSHehn5/vgDo0bvmHmvLZ6Kg0Dkq5uwQytnYHxs9bWQ==,
Ministerio de Salud y Desarrollo Social,2019,14/06/2019,,Licitación Pública,95-0054-LPU18,2018,Ampliación orden de compra,Leche en polvo fortificada,"Leche entera en polvo, instantánea, fortificada con hierro, zinc y ácido ascórbico, según Ley 25.459",1,104.000,Kilogramo,196,Sucesores de Alfredo Williner S.A.,Sucesores de Alfredo Williner S.A.,20.384.000,,https://comprar.gob.ar/PLIEGO/VistaPreviaPliegoCiudadano.aspx?qs=BQoBkoMoEhx7bmnLO4nvZO13SuEDZYWDIjh6wEvglex4pFgyqzlcrvt17xXOl77E6WrhCJjH8aeTSHehn5/vgDo0bvmHmvLZ6Kg0Dkq5uwQytnYHxs9bWQ==,
Ministerio de Salud y Desarrollo Social,2019,14/06/2019,,Licitación Pública,95-0054-LPU18,2018,Ampliación orden de compra,Leche en polvo fortificada,"Leche entera en polvo, instantánea, fortificada con hierro, zinc y ácido ascórbico, según Ley 25.459",1,104.000,Kilogramo,"184,5",Sociedad Anónima La Sibila,Sociedad Anónima La Sibila,19.188.000,,https://comprar.gob.ar/PLIEGO/VistaPreviaPliegoCiudadano.aspx?qs=BQoBkoMoEhx7bmnLO4nvZO13SuEDZYWDIjh6wEvglex4pFgyqzlcrvt17xXOl77E6WrhCJjH8aeTSHehn5/vgDo0bvmHmvLZ6Kg0Dkq5uwQytnYHxs9bWQ==,
Desarrollo Social de Nación,2019,14/04/2019,,Licitación Pública,95-0066-LPU18,2018,Original,Leche en polvo fortificada,"Leche entera en polvo, instantánea, fortificada con hierro, zinc y ácido ascórbico, según Ley 25.459",,66.000,Estuche entre 800 y 1000 gr.,"239,77",Alimentos Vida S.A.,Alimentos Vida S.A.,15.824.820,,,
Desarrollo Social de Nación,2019,13/02/2019,5/12/2018,Licitación Pública,95-0075-LPU18,2018,Original,Leche en polvo fortificada,"Leche entera en polvo, instantánea, fortificada con hierro, zinc y ácido ascórbico, según Ley 25.459",1,3.993.100,Estuche entre 800 y 1000 gr.,199,Mastellone Hnos S.A.,Mastellone Hnos S.A.,794.626.900,Sin TACC,,
Desarrollo Social de Nación,2019,13/02/2019,5/12/2018,Licitación Pública,95-0075-LPU18,2018,Original,Leche en polvo fortificada,"Leche entera en polvo, instantánea, fortificada con hierro, zinc y ácido ascórbico, según Ley 25.459",2,566.166,Estuche entre 800 y 1000 gr.,278,Alimentos Vida S.A.,Alimentos Vida S.A.,157.394.148,Sin TACC,,
Desarrollo Social de Nación,2019,13/02/2019,5/12/2018,Licitación Pública,95-0075-LPU18,2018,Original,Leche en polvo fortificada,"Leche entera en polvo, instantánea, fortificada con hierro, zinc y ácido ascórbico, según Ley 25.459",4,1.197.407,Estuche entre 800 y 1000 gr.,"229,89",Milkaut S.A.,Milkaut S.A.,275.271.895,Sin TACC,,
Desarrollo Social de Nación,2019,13/02/2019,5/12/2018,Licitación Pública,95-0075-LPU18,2018,Original,Leche en polvo fortificada,"Leche entera en polvo, instantánea, fortificada con hierro, zinc y ácido ascórbico, según Ley 25.459",2,1.415.413,Estuche entre 800 y 1000 gr.,"273,5",Sociedad Anónima La Sibila,Sociedad Anónima La Sibila,1.309.621.175,Sin TACC,,
Desarrollo Social de Nación,2019,13/02/2019,5/12/2018,Licitación Pública,95-0075-LPU18,2018,Original,Leche en polvo fortificada,"Leche entera en polvo, instantánea, fortificada con hierro, zinc y ácido ascórbico, según Ley 25.459",3,"710.800,50",Estuche entre 800 y 1000 gr.,235,Sociedad Anónima La Sibila,Sociedad Anónima La Sibila,1.309.621.175,Sin TACC,,
Desarrollo Social de Nación,2019,13/02/2019,5/12/2018,Licitación Pública,95-0075-LPU18,2018,Original,Leche en polvo fortificada,"Leche entera en polvo, instantánea, fortificada con hierro, zinc y ácido ascórbico, según Ley 25.459",4,1.197.407,Estuche entre 800 y 1000 gr.,254,Sociedad Anónima La Sibila,Sociedad Anónima La Sibila,1.309.621.175,Sin TACC,,
Desarrollo Social de Nación,2019,13/02/2019,5/12/2018,Licitación Pública,95-0075-LPU18,2018,Original,Leche en polvo fortificada,"Leche entera en polvo, instantánea, fortificada con hierro, zinc y ácido ascórbico, según Ley 25.459",5,1.298.503,Estuche entre 800 y 1000 gr.,"227,5",Sociedad Anónima La Sibila,Sociedad Anónima La Sibila,1.309.621.175,Sin TACC,,
Desarrollo Social de Nación,2019,13/02/2019,5/12/2018,Licitación Pública,95-0075-LPU18,2018,Original,Leche en polvo fortificada,"Leche entera en polvo, instantánea, fortificada con hierro, zinc y ácido ascórbico, según Ley 25.459",6,537.645,Estuche entre 800 y 1000 gr.,290,Sociedad Anónima La Sibila,Sociedad Anónima La Sibila,1.309.621.175,Sin TACC,,
Desarrollo Social de Nación,2019,13/02/2019,5/12/2018,Licitación Pública,95-0075-LPU18,2018,Original,Leche en polvo fortificada,"Leche entera en polvo, instantánea, fortificada con hierro, zinc y ácido ascórbico, según Ley 25.459",3,710.801,Estuche entre 800 y 1000 gr.,240,Sucesores de Alfredo Williner S.A.,Sucesores de Alfredo Williner S.A.,629.364.878,Sin TACC,,
Desarrollo Social de Nación,2019,13/02/2019,5/12/2018,Licitación Pública,95-0075-LPU18,2018,Original,Leche en polvo fortificada,"Leche entera en polvo, instantánea, fortificada con hierro, zinc y ácido ascórbico, según Ley 25.459",5,1.298.503,Estuche entre 800 y 1000 gr.,244,Sucesores de Alfredo Williner S.A.,Sucesores de Alfredo Williner S.A.,629.364.878,Sin TACC,,
Desarrollo Social de Nación,2019,13/02/2019,5/12/2018,Licitación Pública,95-0075-LPU18,2018,Original,Leche en polvo fortificada,"Leche entera en polvo, instantánea, fortificada con hierro, zinc y ácido ascórbico, según Ley 25.459",6,537.645,Estuche entre 800 y 1000 gr.,264,Sucesores de Alfredo Williner S.A.,Sucesores de Alfredo Williner S.A.,629.364.878,Sin TACC,,
Ministerio de Salud,2018,9/2/2018,,Licitación Pública,21,2016,Original,Leche en polvo fortificada,"Leche entera en polvo, instantánea, fortificada con hierro, zinc y ácido ascórbico, según Ley 25.459",1,200.000,Estuche 1000 g,"93,78",Fábrica de alimentos Santa Clara S.A.,,18.756.000,Distribución NEA,http://www.msal.gob.ar/images/stories/Compras-msal/lic_pub_nacional/ORDENES-30-a-31.pdf,https://www.boletinoficial.gob.ar/detalleAviso/primera/178726/20180214
Ministerio de Salud,2018,9/2/2018,,Licitación Pública,21,2016,Original,Leche en polvo fortificada,"Leche entera en polvo, instantánea, fortificada con hierro, zinc y ácido ascórbico, según Ley 25.459",4,300.000,Estuche 1000 g,"93,78",Fábrica de alimentos Santa Clara S.A.,,28.134.000,Distribución NOA,http://www.msal.gob.ar/images/stories/Compras-msal/lic_pub_nacional/ORDENES-30-a-31.pdf,https://www.boletinoficial.gob.ar/detalleAviso/primera/178726/20180214
Ministerio de Salud,2018,9/2/2018,,Licitación Pública,21,2016,Original,Leche en polvo fortificada,"Leche entera en polvo, instantánea, fortificada con hierro, zinc y ácido ascórbico, según Ley 25.459",5,300.000,Estuche 1000 g,"93,78",Fábrica de alimentos Santa Clara S.A.,,28.134.000,Distribución Patagonia,http://www.msal.gob.ar/images/stories/Compras-msal/lic_pub_nacional/ORDENES-30-a-31.pdf,https://www.boletinoficial.gob.ar/detalleAviso/primera/178726/20180214
Ministerio de Salud,2018,9/2/2018,,Licitación Pública,21,2016,Original,Leche en polvo fortificada,"Leche entera en polvo, instantánea, fortificada con hierro, zinc y ácido ascórbico, según Ley 25.459",6,140.000,Estuche 1000 g,"99,78",Fábrica de alimentos Santa Clara S.A.,,13.969.200,,http://www.msal.gob.ar/images/stories/Compras-msal/lic_pub_nacional/ORDENES-30-a-31.pdf,https://www.boletinoficial.gob.ar/detalleAviso/primera/178726/20180214
Ministerio de Salud,2018,9/2/2018,,Licitación Pública,21,2016,Original,Leche en polvo fortificada,"Leche entera en polvo, instantánea, fortificada con hierro, zinc y ácido ascórbico, según Ley 25.459",1,400.000,Estuche 1000 g,"94,85",Manfrey Cooperativa de Tamberos de Comercialización e Industrialización Limitada,Manfrey Cooperativa de Tamberos de Comercialización e Industrialización Limitada,37.940.000,,http://www.msal.gob.ar/images/stories/Compras-msal/lic_pub_nacional/ORDENES-30-a-31.pdf,https://www.boletinoficial.gob.ar/detalleAviso/primera/178726/20180214
Ministerio de Salud,2018,9/2/2018,,Licitación Pública,21,2016,Original,Leche en polvo fortificada,"Leche entera en polvo, instantánea, fortificada con hierro, zinc y ácido ascórbico, según Ley 25.459",2,100.000,Estuche 1000 g,"95,85",Manfrey Cooperativa de Tamberos de Comercialización e Industrialización Limitada,Manfrey Cooperativa de Tamberos de Comercialización e Industrialización Limitada,9.585.000,,http://www.msal.gob.ar/images/stories/Compras-msal/lic_pub_nacional/ORDENES-30-a-31.pdf,https://www.boletinoficial.gob.ar/detalleAviso/primera/178726/20180214
Ministerio de Salud,2018,9/2/2018,,Licitación Pública,21,2016,Original,Leche en polvo fortificada,"Leche entera en polvo, instantánea, fortificada con hierro, zinc y ácido ascórbico, según Ley 25.459",4,100.000,Estuche 1000 g,"95,85",Manfrey Cooperativa de Tamberos de Comercialización e Industrialización Limitada,Manfrey Cooperativa de Tamberos de Comercialización e Industrialización Limitada,9.585.000,,http://www.msal.gob.ar/images/stories/Compras-msal/lic_pub_nacional/ORDENES-30-a-31.pdf,https://www.boletinoficial.gob.ar/detalleAviso/primera/178726/20180214
Ministerio de Salud,2018,9/2/2018,,Licitación Pública,21,2016,Original,Leche en polvo fortificada,"Leche entera en polvo, instantánea, fortificada con hierro, zinc y ácido ascórbico, según Ley 25.459",5,200.000,Estuche 1000 g,"95,85",Manfrey Cooperativa de Tamberos de Comercialización e Industrialización Limitada,Manfrey Cooperativa de Tamberos de Comercialización e Industrialización Limitada,19.170.000,,http://www.msal.gob.ar/images/stories/Compras-msal/lic_pub_nacional/ORDENES-30-a-31.pdf,https://www.boletinoficial.gob.ar/detalleAviso/primera/178726/20180214
Ministerio de Salud,2018,9/2/2018,,Licitación Pública,21,2016,Original,Leche en polvo fortificada,"Leche entera en polvo, instantánea, fortificada con hierro, zinc y ácido ascórbico, según Ley 25.459",1,300.000,Estuche 1000 g,97,Sucesores de Alfredo Williner S.A.,Sucesores de Alfredo Williner S.A.,29.100.000,,http://www.msal.gob.ar/images/stories/Compras-msal/lic_pub_nacional/32-37-1-11.pdf,https://www.boletinoficial.gob.ar/detalleAviso/primera/178726/20180214
Ministerio de Salud,2018,9/2/2018,,Licitación Pública,21,2016,Original,Leche en polvo fortificada,"Leche entera en polvo, instantánea, fortificada con hierro, zinc y ácido ascórbico, según Ley 25.459",2,300.000,Estuche 1000 g,97,Sucesores de Alfredo Williner S.A.,Sucesores de Alfredo Williner S.A.,29.100.000,,http://www.msal.gob.ar/images/stories/Compras-msal/lic_pub_nacional/32-37-1-11.pdf,https://www.boletinoficial.gob.ar/detalleAviso/primera/178726/20180214
Ministerio de Salud,2018,9/2/2018,,Licitación Pública,21,2016,Original,Leche en polvo fortificada,"Leche entera en polvo, instantánea, fortificada con hierro, zinc y ácido ascórbico, según Ley 25.459",3,672.300,Estuche 1000 g,"95,5",Sucesores de Alfredo Williner S.A.,Sucesores de Alfredo Williner S.A.,64.204.650,,http://www.msal.gob.ar/images/stories/Compras-msal/lic_pub_nacional/32-37-1-11.pdf,https://www.boletinoficial.gob.ar/detalleAviso/primera/178726/20180214
Ministerio de Salud,2018,9/2/2018,,Licitación Pública,21,2016,Original,Leche en polvo fortificada,"Leche entera en polvo, instantánea, fortificada con hierro, zinc y ácido ascórbico, según Ley 25.459",5,300.000,Estuche 1000 g,"97,8",Sucesores de Alfredo Williner S.A.,Sucesores de Alfredo Williner S.A.,29.340.000,,http://www.msal.gob.ar/images/stories/Compras-msal/lic_pub_nacional/32-37-1-11.pdf,https://www.boletinoficial.gob.ar/detalleAviso/primera/178726/20180214
Ministerio de Salud,2018,9/2/2018,,Licitación Pública,21,2016,Original,Leche en polvo fortificada,"Leche entera en polvo, instantánea, fortificada con hierro, zinc y ácido ascórbico, según Ley 25.459",1,100.000,Estuche 1000 g,"99,8",Lácteos La Ramada S.A.,Lácteos La Ramada S.A.,9.980.000,,http://www.msal.gob.ar/images/stories/Compras-msal/lic_pub_nacional/32-37-1-11.pdf,https://www.boletinoficial.gob.ar/detalleAviso/primera/178726/20180214
Ministerio de Salud,2018,9/2/2018,,Licitación Pública,21,2016,Original,Leche en polvo fortificada,"Leche entera en polvo, instantánea, fortificada con hierro, zinc y ácido ascórbico, según Ley 25.459",2,100.000,Estuche 1000 g,"99,8",Lácteos La Ramada S.A.,Lácteos La Ramada S.A.,9.980.000,,http://www.msal.gob.ar/images/stories/Compras-msal/lic_pub_nacional/32-37-1-11.pdf,https://www.boletinoficial.gob.ar/detalleAviso/primera/178726/20180214
Ministerio de Salud,2018,9/2/2018,,Licitación Pública,21,2016,Original,Leche en polvo fortificada,"Leche entera en polvo, instantánea, fortificada con hierro, zinc y ácido ascórbico, según Ley 25.459",1,50.000,Estuche 1000 g,"102,2",Alimentos Vida S.A.,Alimentos Vida S.A.,5.110.000,,http://www.msal.gob.ar/images/stories/Compras-msal/lic_pub_nacional/32-37-1-11.pdf,https://www.boletinoficial.gob.ar/detalleAviso/primera/178726/20180214
Ministerio de Salud,2018,9/2/2018,,Licitación Pública,21,2016,Original,Leche en polvo fortificada,"Leche entera en polvo, instantánea, fortificada con hierro, zinc y ácido ascórbico, según Ley 25.459",2,600.000,Estuche 1000 g,"102,05",Alimentos Vida S.A.,Alimentos Vida S.A.,61.230.000,,http://www.msal.gob.ar/images/stories/Compras-msal/lic_pub_nacional/32-37-1-11.pdf,https://www.boletinoficial.gob.ar/detalleAviso/primera/178726/20180214
Ministerio de Salud,2018,9/2/2018,,Licitación Pública,21,2016,Original,Leche en polvo fortificada,"Leche entera en polvo, instantánea, fortificada con hierro, zinc y ácido ascórbico, según Ley 25.459",5,400.000,Estuche 1000 g,"101,955",Alimentos Vida S.A.,Alimentos Vida S.A.,40.782.000,,http://www.msal.gob.ar/images/stories/Compras-msal/lic_pub_nacional/32-37-1-11.pdf,https://www.boletinoficial.gob.ar/detalleAviso/primera/178726/20180214
Ministerio de Salud,2018,9/2/2018,,Licitación Pública,21,2016,Original,Leche en polvo fortificada,"Leche entera en polvo, instantánea, fortificada con hierro, zinc y ácido ascórbico, según Ley 25.459",1,250.000,Estuche 1000 g,"101,25",Sociedad Anónima La Sibila,Sociedad Anónima La Sibila,23.312.500,,http://www.msal.gob.ar/images/stories/Compras-msal/lic_pub_nacional/32-37-1-11.pdf,https://www.boletinoficial.gob.ar/detalleAviso/primera/178726/20180214
Ministerio de Salud,2018,9/2/2018,,Licitación Pública,21,2016,Original,Leche en polvo fortificada,"Leche entera en polvo, instantánea, fortificada con hierro, zinc y ácido ascórbico, según Ley 25.459",2,58.200,Estuche 1000 g,"101,25",Sociedad Anónima La Sibila,Sociedad Anónima La Sibila,5.892.750,,http://www.msal.gob.ar/images/stories/Compras-msal/lic_pub_nacional/32-37-1-11.pdf,https://www.boletinoficial.gob.ar/detalleAviso/primera/178726/20180214
Ministerio de Salud,2018,9/2/2018,,Licitación Pública,21,2016,Original,Leche en polvo fortificada,"Leche entera en polvo, instantánea, fortificada con hierro, zinc y ácido ascórbico, según Ley 25.459",5,367.200,Estuche 1000 g,"101,45",Sociedad Anónima La Sibila,Sociedad Anónima La Sibila,37.252.440,,http://www.msal.gob.ar/images/stories/Compras-msal/lic_pub_nacional/32-37-1-11.pdf,https://www.boletinoficial.gob.ar/detalleAviso/primera/178726/20180214
Ministerio de Salud,2018,9/2/2018,,Licitación Pública,21,2016,Original,Leche en polvo fortificada,"Leche entera en polvo, instantánea, fortificada con hierro, zinc y ácido ascórbico, según Ley 25.459",1,2.051.100,Estuche 1000 g,"102,7",Mastellone Hnos S.A.,Mastellone Hnos S.A.,210.647.970,,http://www.msal.gob.ar/images/stories/Compras-msal/lic_pub_nacional/32-37-12-16.pdf,https://www.boletinoficial.gob.ar/detalleAviso/primera/178726/20180214
Ministerio de Salud,2018,9/2/2018,,Licitación Pública,21,2016,Original,Leche en polvo fortificada,"Leche entera en polvo, instantánea, fortificada con hierro, zinc y ácido ascórbico, según Ley 25.459",2,100.000,Estuche 1000 g,"97,49",Verónica S.A.C.I.A.F.E.I.,Verónica S.A.C.I.A.F.E.I.,9.749.000,,http://www.msal.gob.ar/images/stories/Compras-msal/lic_pub_nacional/32-37-12-16.pdf,https://www.boletinoficial.gob.ar/detalleAviso/primera/178726/20180214
Ministerio de Salud,2018,9/2/2018,,Licitación Pública,21,2016,Original,Leche en polvo fortificada,"Leche entera en polvo, instantánea, fortificada con hierro, zinc y ácido ascórbico, según Ley 25.459",4,1.141.700,Estuche 1000 g,"96,89",Verónica S.A.C.I.A.F.E.I.,Verónica S.A.C.I.A.F.E.I.,110.619.313,,http://www.msal.gob.ar/images/stories/Compras-msal/lic_pub_nacional/32-37-12-16.pdf,https://www.boletinoficial.gob.ar/detalleAviso/primera/178726/20180214
Ministerio de Salud,2018,9/2/2018,,Licitación Pública,21,2016,Original,Leche en polvo fortificada,"Leche entera en polvo, instantánea, fortificada con hierro, zinc y ácido ascórbico, según Ley 25.459",5,150.000,Estuche 1000 g,"98,67",Verónica S.A.C.I.A.F.E.I.,Verónica S.A.C.I.A.F.E.I.,14.800.500,,http://www.msal.gob.ar/images/stories/Compras-msal/lic_pub_nacional/32-37-12-16.pdf,https://www.boletinoficial.gob.ar/detalleAviso/primera/178726/20180214
Ministerio de Salud,2018,18/01/2019,,Licitación Pública,21,2016,Ampliación orden de compra,Leche en polvo fortificada,"Leche entera en polvo, instantánea, fortificada con hierro, zinc y ácido ascórbico, según Ley 25.459",1,717.885,Estuche 1000 g,"102,7",Mastellone Hnos S.A.,Mastellone Hnos S.A.,"73.726.789,50",OC adjunta en respuesta de la Seecretaría de Salud,,
Ministerio de Salud,2018,18/01/2019,,Licitación Pública,21,2016,Ampliación orden de compra,Leche en polvo fortificada,"Leche entera en polvo, instantánea, fortificada con hierro, zinc y ácido ascórbico, según Ley 25.459",1,50.000,Estuche 1000 g,"101,25",Sociedad Anónima La Sibila,Sociedad Anónima La Sibila,5.062.500,OC adjunta en respuesta de la Seecretaría de Salud,,
Ministerio de Salud,2018,18/01/2019,,Licitación Pública,21,2016,Ampliación orden de compra,Leche en polvo fortificada,"Leche entera en polvo, instantánea, fortificada con hierro, zinc y ácido ascórbico, según Ley 25.459",2,11.640,Estuche 1000 g,"101,25",Sociedad Anónima La Sibila,Sociedad Anónima La Sibila,1.178.550,OC adjunta en respuesta de la Seecretaría de Salud,,
Ministerio de Salud,2018,18/01/2019,,Licitación Pública,21,2016,Ampliación orden de compra,Leche en polvo fortificada,"Leche entera en polvo, instantánea, fortificada con hierro, zinc y ácido ascórbico, según Ley 25.459",5,73.440,Estuche 1000 g,"101,45",Sociedad Anónima La Sibila,Sociedad Anónima La Sibila,7.450.488,OC adjunta en respuesta de la Seecretaría de Salud,,
Ministerio de Salud,2018,18/01/2019,,Licitación Pública,21,2016,Ampliación orden de compra,Leche en polvo fortificada,"Leche entera en polvo, instantánea, fortificada con hierro, zinc y ácido ascórbico, según Ley 25.459",1,80.000,Estuche 1000 g,"94,85",Manfrey Cooperativa de Tamberos de Comercialización e Industrialización Limitada,Manfrey Cooperativa de Tamberos de Comercialización e Industrialización Limitada,7.588.000,OC adjunta en respuesta de la Seecretaría de Salud,,
Ministerio de Salud,2018,18/01/2019,,Licitación Pública,21,2016,Ampliación orden de compra,Leche en polvo fortificada,"Leche entera en polvo, instantánea, fortificada con hierro, zinc y ácido ascórbico, según Ley 25.459",2,20.000,Estuche 1000 g,"95,85",Manfrey Cooperativa de Tamberos de Comercialización e Industrialización Limitada,Manfrey Cooperativa de Tamberos de Comercialización e Industrialización Limitada,1.917.000,OC adjunta en respuesta de la Seecretaría de Salud,,
Ministerio de Salud,2018,18/01/2019,,Licitación Pública,21,2016,Ampliación orden de compra,Leche en polvo fortificada,"Leche entera en polvo, instantánea, fortificada con hierro, zinc y ácido ascórbico, según Ley 25.459",4,20.000,Estuche 1000 g,"95,85",Manfrey Cooperativa de Tamberos de Comercialización e Industrialización Limitada,Manfrey Cooperativa de Tamberos de Comercialización e Industrialización Limitada,1.917.000,OC adjunta en respuesta de la Seecretaría de Salud,,
Ministerio de Salud,2018,18/01/2019,,Licitación Pública,21,2016,Ampliación orden de compra,Leche en polvo fortificada,"Leche entera en polvo, instantánea, fortificada con hierro, zinc y ácido ascórbico, según Ley 25.459",5,40.000,Estuche 1000 g,"95,85",Manfrey Cooperativa de Tamberos de Comercialización e Industrialización Limitada,Manfrey Cooperativa de Tamberos de Comercialización e Industrialización Limitada,3.834.000,OC adjunta en respuesta de la Seecretaría de Salud,,
Ministerio de Salud,2016,31/032017,02/08/2016,Licitación Pública,12,2016,Original,Leche en polvo fortificada,"Leche entera en polvo, instantánea, fortificada con hierro, zinc y ácido ascórbico, según Ley 25.459",1,350.000,Estuche 1000 g,"87,25",Lácteos La Ramada S.A.,Lácteos La Ramada S.A.,30.537.500,OC adjunta en respuesta de la Seecretaría de Salud,https://www.boletinoficial.gob.ar/detalleAviso/primera/161355/20170403,
Ministerio de Salud,2016,31/032017,02/08/2016,Licitación Pública,12,2016,Original,Leche en polvo fortificada,"Leche entera en polvo, instantánea, fortificada con hierro, zinc y ácido ascórbico, según Ley 25.459",2,250.000,Estuche 1000 g,"86,50",Lácteos La Ramada S.A.,Lácteos La Ramada S.A.,21.625.000,OC adjunta en respuesta de la Seecretaría de Salud,https://www.boletinoficial.gob.ar/detalleAviso/primera/161355/20170403,
Ministerio de Salud,2016,31/032017,02/08/2016,Licitación Pública,12,2016,Original,Leche en polvo fortificada,"Leche entera en polvo, instantánea, fortificada con hierro, zinc y ácido ascórbico, según Ley 25.459",3,100.000,Estuche 1000 g,"86,00",Lácteos La Ramada S.A.,Lácteos La Ramada S.A.,8.600.000,OC adjunta en respuesta de la Seecretaría de Salud,https://www.boletinoficial.gob.ar/detalleAviso/primera/161355/20170403,
Ministerio de Salud,2016,31/032017,02/08/2016,Licitación Pública,12,2016,Original,Leche en polvo fortificada,"Leche entera en polvo, instantánea, fortificada con hierro, zinc y ácido ascórbico, según Ley 25.459",4,100.000,Estuche 1000 g,"87,5",Lácteos La Ramada S.A.,Lácteos La Ramada S.A.,8.750.000,OC adjunta en respuesta de la Seecretaría de Salud,https://www.boletinoficial.gob.ar/detalleAviso/primera/161355/20170403,
Ministerio de Salud,2016,31/032017,02/08/2016,Licitación Pública,12,2016,Original,Leche en polvo fortificada,"Leche entera en polvo, instantánea, fortificada con hierro, zinc y ácido ascórbico, según Ley 25.459",5,100.000,Estuche 1000 g,"87,50",Lácteos La Ramada S.A.,Lácteos La Ramada S.A.,8.750.000,OC adjunta en respuesta de la Seecretaría de Salud,https://www.boletinoficial.gob.ar/detalleAviso/primera/161355/20170403,
Ministerio de Salud,2016,31/032017,02/08/2016,Licitación Pública,12,2016,Original,Leche en polvo fortificada,"Leche entera en polvo, instantánea, fortificada con hierro, zinc y ácido ascórbico, según Ley 25.459",6,100.000,Estuche 1000 g,"89,00",Lácteos La Ramada S.A.,Lácteos La Ramada S.A.,8.900.000,OC adjunta en respuesta de la Seecretaría de Salud,https://www.boletinoficial.gob.ar/detalleAviso/primera/161355/20170403,
Ministerio de Salud,2016,31/032017,02/08/2016,Licitación Pública,12,2016,Original,Leche en polvo fortificada,"Leche entera en polvo, instantánea, fortificada con hierro, zinc y ácido ascórbico, según Ley 25.459",1,100.000,Estuche 1000 g,"88,5",Alimentos Vida S.A.,Alimentos Vida S.A.,8.850.000,OC adjunta en respuesta de la Seecretaría de Salud,https://www.boletinoficial.gob.ar/detalleAviso/primera/161355/20170403,
Ministerio de Salud,2016,31/032017,02/08/2016,Licitación Pública,12,2016,Original,Leche en polvo fortificada,"Leche entera en polvo, instantánea, fortificada con hierro, zinc y ácido ascórbico, según Ley 25.459",2,731.000,Estuche 1000 g,"87,85",Alimentos Vida S.A.,Alimentos Vida S.A.,64.218.350,OC adjunta en respuesta de la Seecretaría de Salud,https://www.boletinoficial.gob.ar/detalleAviso/primera/161355/20170403,
Ministerio de Salud,2016,31/032017,02/08/2016,Licitación Pública,12,2016,Original,Leche en polvo fortificada,"Leche entera en polvo, instantánea, fortificada con hierro, zinc y ácido ascórbico, según Ley 25.459",1,600.000,Estuche 1000 g,"88,50",Manfrey Cooperativa de Tamberos de Comercialización e Industrialización Limitada,Manfrey Cooperativa de Tamberos de Comercialización e Industrialización Limitada,53.100.000,OC adjunta en respuesta de la Seecretaría de Salud,https://www.boletinoficial.gob.ar/detalleAviso/primera/161355/20170403,
Ministerio de Salud,2016,31/032017,02/08/2016,Licitación Pública,12,2016,Original,Leche en polvo fortificada,"Leche entera en polvo, instantánea, fortificada con hierro, zinc y ácido ascórbico, según Ley 25.459",1,400.000,Estuche 1000 g,"89,50",Sucesores de Alfredo Williner S.A.,Sucesores de Alfredo Williner S.A.,35.800.000,OC adjunta en respuesta de la Seecretaría de Salud,https://www.boletinoficial.gob.ar/detalleAviso/primera/161355/20170403,
Ministerio de Salud,2016,31/032017,02/08/2016,Licitación Pública,12,2016,Original,Leche en polvo fortificada,"Leche entera en polvo, instantánea, fortificada con hierro, zinc y ácido ascórbico, según Ley 25.459",2,67.000,Estuche 1000 g,"88,00",Sucesores de Alfredo Williner S.A.,Sucesores de Alfredo Williner S.A.,5.896.000,OC adjunta en respuesta de la Seecretaría de Salud,https://www.boletinoficial.gob.ar/detalleAviso/primera/161355/20170403,
Ministerio de Salud,2016,31/032017,02/08/2016,Licitación Pública,12,2016,Original,Leche en polvo fortificada,"Leche entera en polvo, instantánea, fortificada con hierro, zinc y ácido ascórbico, según Ley 25.459",3,647.000,Estuche 1000 g,"86,00",Sucesores de Alfredo Williner S.A.,Sucesores de Alfredo Williner S.A.,55.642.000,OC adjunta en respuesta de la Seecretaría de Salud,https://www.boletinoficial.gob.ar/detalleAviso/primera/161355/20170403,
Ministerio de Salud,2016,31/032017,02/08/2016,Licitación Pública,12,2016,Original,Leche en polvo fortificada,"Leche entera en polvo, instantánea, fortificada con hierro, zinc y ácido ascórbico, según Ley 25.459",4,300.000,Estuche 1000 g,"86,00",Sucesores de Alfredo Williner S.A.,Sucesores de Alfredo Williner S.A.,25.800.000,OC adjunta en respuesta de la Seecretaría de Salud,https://www.boletinoficial.gob.ar/detalleAviso/primera/161355/20170403,
Ministerio de Salud,2016,31/032017,02/08/2016,Licitación Pública,12,2016,Original,Leche en polvo fortificada,"Leche entera en polvo, instantánea, fortificada con hierro, zinc y ácido ascórbico, según Ley 25.459",1,2.329.000,Estuche 1000 g,"90,00",Mastellone Hnos S.A.,Mastellone Hnos S.A.,209.610.000,OC adjunta en respuesta de la Seecretaría de Salud,https://www.boletinoficial.gob.ar/detalleAviso/primera/161355/20170403,
Ministerio de Salud,2016,31/032017,02/08/2016,Licitación Pública,12,2016,Original,Leche en polvo fortificada,"Leche entera en polvo, instantánea, fortificada con hierro, zinc y ácido ascórbico, según Ley 25.459",2,350.000,Estuche 1000 g,"87,85",Milkaut S.A.,Milkaut S.A.,30.747.500,OC adjunta en respuesta de la Seecretaría de Salud,https://www.boletinoficial.gob.ar/detalleAviso/primera/161355/20170403,
Ministerio de Salud,2016,31/032017,02/08/2016,Licitación Pública,12,2016,Original,Leche en polvo fortificada,"Leche entera en polvo, instantánea, fortificada con hierro, zinc y ácido ascórbico, según Ley 25.459",4,350.000,Estuche 1000 g,"88,05",Milkaut S.A.,Milkaut S.A.,30.817.500,OC adjunta en respuesta de la Seecretaría de Salud,https://www.boletinoficial.gob.ar/detalleAviso/primera/161355/20170403,
Ministerio de Salud,2016,31/032017,02/08/2016,Licitación Pública,12,2016,Original,Leche en polvo fortificada,"Leche entera en polvo, instantánea, fortificada con hierro, zinc y ácido ascórbico, según Ley 25.459",4,963.000,Estuche 1000 g,"89,50",Verónica S.A.C.I.A.F.E.I.,Verónica S.A.C.I.A.F.E.I.,86.188.500,OC adjunta en respuesta de la Seecretaría de Salud,https://www.boletinoficial.gob.ar/detalleAviso/primera/161355/20170403,
Ministerio de Salud,2016,31/032017,02/08/2016,Licitación Pública,12,2016,Original,Leche en polvo fortificada,"Leche entera en polvo, instantánea, fortificada con hierro, zinc y ácido ascórbico, según Ley 25.459",5,180.000,Estuche 1000 g,"89,50",Verónica S.A.C.I.A.F.E.I.,Verónica S.A.C.I.A.F.E.I.,16.110.000,OC adjunta en respuesta de la Seecretaría de Salud,https://www.boletinoficial.gob.ar/detalleAviso/primera/161355/20170403,
Ministerio de Salud,2016,31/032017,02/08/2016,Licitación Pública,12,2016,Original,Leche en polvo fortificada,"Leche entera en polvo, instantánea, fortificada con hierro, zinc y ácido ascórbico, según Ley 25.459",5,1.328.000,Estuche 1000 g,"90,15",Sociedad Anónima La Sibila,Sociedad Anónima La Sibila,119.719.200,OC adjunta en respuesta de la Seecretaría de Salud,https://www.boletinoficial.gob.ar/detalleAviso/primera/161355/20170403,
Ministerio de Salud,2016,31/032017,02/08/2016,Licitación Pública,12,2016,Original,Leche en polvo fortificada,"Leche entera en polvo, instantánea, fortificada con hierro, zinc y ácido ascórbico, según Ley 25.459",6,355.000,Estuche 1000 g,"94,00",Sancor Cooperativas Unidas Limitada,Sancor Cooperativas Unidas Limitada,33.370.000,OC adjunta en respuesta de la Seecretaría de Salud,https://www.boletinoficial.gob.ar/detalleAviso/primera/161355/20170403,
Ministerio de Salud,2016,3/11/2017,,Licitación Pública,12,2016,Ampliación orden de compra,Leche en polvo fortificada,"Leche entera en polvo, instantánea, fortificada con hierro, zinc y ácido ascórbico, según Ley 25.459",1,70.000,Estuche 1000 g,"87,25",Lácteos La Ramada S.A.,Lácteos La Ramada S.A.,6.107.500,OC adjunta en respuesta de la Seecretaría de Salud,,
Ministerio de Salud,2016,3/11/2017,,Licitación Pública,12,2016,Ampliación orden de compra,Leche en polvo fortificada,"Leche entera en polvo, instantánea, fortificada con hierro, zinc y ácido ascórbico, según Ley 25.459",2,50.000,Estuche 1000 g,"86,50",Lácteos La Ramada S.A.,Lácteos La Ramada S.A.,4.325.000,OC adjunta en respuesta de la Seecretaría de Salud,,
Ministerio de Salud,2016,3/11/2017,,Licitación Pública,12,2016,Ampliación orden de compra,Leche en polvo fortificada,"Leche entera en polvo, instantánea, fortificada con hierro, zinc y ácido ascórbico, según Ley 25.459",3,20.000,Estuche 1000 g,"86,00",Lácteos La Ramada S.A.,Lácteos La Ramada S.A.,1.720.000,OC adjunta en respuesta de la Seecretaría de Salud,,
Ministerio de Salud,2016,3/11/2017,,Licitación Pública,12,2016,Ampliación orden de compra,Leche en polvo fortificada,"Leche entera en polvo, instantánea, fortificada con hierro, zinc y ácido ascórbico, según Ley 25.459",4,20.000,Estuche 1000 g,"87,50",Lácteos La Ramada S.A.,Lácteos La Ramada S.A.,1.750.000,OC adjunta en respuesta de la Seecretaría de Salud,,
Ministerio de Salud,2016,3/11/2017,,Licitación Pública,12,2016,Ampliación orden de compra,Leche en polvo fortificada,"Leche entera en polvo, instantánea, fortificada con hierro, zinc y ácido ascórbico, según Ley 25.459",5,20.000,Estuche 1000 g,"87,50",Lácteos La Ramada S.A.,Lácteos La Ramada S.A.,1.750.000,OC adjunta en respuesta de la Seecretaría de Salud,,
Ministerio de Salud,2016,3/11/2017,,Licitación Pública,12,2016,Ampliación orden de compra,Leche en polvo fortificada,"Leche entera en polvo, instantánea, fortificada con hierro, zinc y ácido ascórbico, según Ley 25.459",6,20.000,Estuche 1000 g,"89,00",Lácteos La Ramada S.A.,Lácteos La Ramada S.A.,1.780.000,OC adjunta en respuesta de la Seecretaría de Salud,,
Ministerio de Salud,2016,3/11/2017,,Licitación Pública,12,2016,Ampliación orden de compra,Leche en polvo fortificada,"Leche entera en polvo, instantánea, fortificada con hierro, zinc y ácido ascórbico, según Ley 25.459",1,35.000,Estuche 1000 g,"88,50",Alimentos Vida S.A.,Alimentos Vida S.A.,"3.097.500,00",OC adjunta en respuesta de la Seecretaría de Salud,,
Ministerio de Salud,2016,3/11/2017,,Licitación Pública,12,2016,Ampliación orden de compra,Leche en polvo fortificada,"Leche entera en polvo, instantánea, fortificada con hierro, zinc y ácido ascórbico, según Ley 25.459",2,255.850,Estuche 1000 g,"87,85",Alimentos Vida S.A.,Alimentos Vida S.A.,"22.476.422,50",OC adjunta en respuesta de la Seecretaría de Salud,,
Ministerio de Salud,2016,3/11/2017,,Licitación Pública,12,2016,Ampliación orden de compra,Leche en polvo fortificada,"Leche entera en polvo, instantánea, fortificada con hierro, zinc y ácido ascórbico, según Ley 25.459",1,210.000,Estuche 1000 g,"88,50",Manfrey Cooperativa de Tamberos de Comercialización e Industrialización Limitada,Manfrey Cooperativa de Tamberos de Comercialización e Industrialización Limitada,"18.585.000,00",OC adjunta en respuesta de la Seecretaría de Salud,,
Ministerio de Salud,2016,3/11/2017,,Licitación Pública,12,2016,Ampliación orden de compra,Leche en polvo fortificada,"Leche entera en polvo, instantánea, fortificada con hierro, zinc y ácido ascórbico, según Ley 25.459",1,815.150,Estuche 1000 g,"90,00",Mastellone Hnos S.A.,Mastellone Hnos S.A.,"73.363.500,00",OC adjunta en respuesta de la Seecretaría de Salud,,
Ministerio de Salud,2016,3/11/2017,,Licitación Pública,12,2016,Ampliación orden de compra,Leche en polvo fortificada,"Leche entera en polvo, instantánea, fortificada con hierro, zinc y ácido ascórbico, según Ley 25.459",4,337.050,Estuche 1000 g,"89,50",Verónica S.A.C.I.A.F.E.I.,Verónica S.A.C.I.A.F.E.I.,"30.165.975,00",OC adjunta en respuesta de la Seecretaría de Salud,,
Ministerio de Salud,2016,3/11/2017,,Licitación Pública,12,2016,Ampliación orden de compra,Leche en polvo fortificada,"Leche entera en polvo, instantánea, fortificada con hierro, zinc y ácido ascórbico, según Ley 25.459",5,63.000,Estuche 1000 g,"89,50",Verónica S.A.C.I.A.F.E.I.,Verónica S.A.C.I.A.F.E.I.,"5.638.500,00",OC adjunta en respuesta de la Seecretaría de Salud,,
Ministerio de Salud,2016,3/11/2017,,Licitación Pública,12,2016,Ampliación orden de compra,Leche en polvo fortificada,"Leche entera en polvo, instantánea, fortificada con hierro, zinc y ácido ascórbico, según Ley 25.459",2,70.000,Estuche 1000 g,"87,85",Milkaut S.A.,Milkaut S.A.,"6.149.500,00",OC adjunta en respuesta de la Seecretaría de Salud,,
Ministerio de Salud,2016,3/11/2017,,Licitación Pública,12,2016,Ampliación orden de compra,Leche en polvo fortificada,"Leche entera en polvo, instantánea, fortificada con hierro, zinc y ácido ascórbico, según Ley 25.459",4,70.000,Estuche 1000 g,"88,05",Milkaut S.A.,Milkaut S.A.,"6.163.500,00",OC adjunta en respuesta de la Seecretaría de Salud,,
Ministerio de Salud,2016,3/11/2017,,Licitación Pública,12,2016,Ampliación orden de compra,Leche en polvo fortificada,"Leche entera en polvo, instantánea, fortificada con hierro, zinc y ácido ascórbico, según Ley 25.459",6,71.000,Estuche 1000 g,"94,00",Sancor Cooperativas Unidas Limitada,Sancor Cooperativas Unidas Limitada,"6.674.000,00",OC adjunta en respuesta de la Seecretaría de Salud,,
Ministerio de Salud,2016,21/01/2016,,Contratación directa,116,2015,Original,Leche en polvo fortificada,"Leche entera en polvo, instantánea, fortificada con hierro, zinc y ácido ascórbico, según Ley 25.459",1,220.000,Estuche 1000 g,"60,40",Sucesores de Alfredo Williner S.A.,Sucesores de Alfredo Williner S.A.,"13.288.000,00",OC adjunta en respuesta de la Seecretaría de Salud,,
Ministerio de Salud,2016,04/05/2016,,Licitación Pública,26,2015,Original,Leche en polvo fortificada,"Leche entera en polvo, instantánea, fortificada con hierro, zinc y ácido ascórbico, según Ley 25.459",2,300.000,Estuche 1000 g,"62,20",Alimentos Vida S.A.,Alimentos Vida S.A.,"18.660.000,00",OC adjunta en respuesta de la Seecretaría de Salud,,
Ministerio de Salud,2016,04/05/2016,,Licitación Pública,26,2015,Original,Leche en polvo fortificada,"Leche entera en polvo, instantánea, fortificada con hierro, zinc y ácido ascórbico, según Ley 25.459",5,36.400,Estuche 1000 g,"66,50",Garcia Hernamos Agroindustrial S.R.L.,García Hernamos Agroindustrial S.R.L.,"2.420.600,00",OC adjunta en respuesta de la Seecretaría de Salud,,
Ministerio de Salud,2016,04/05/2016,,Licitación Pública,26,2015,Original,Leche en polvo fortificada,"Leche entera en polvo, instantánea, fortificada con hierro, zinc y ácido ascórbico, según Ley 25.459",1,200.000,Estuche 1000 g,"62,70",Lácteos La Ramada S.A.,Lácteos La Ramada S.A.,"12.540.000,00",OC adjunta en respuesta de la Seecretaría de Salud,,
Ministerio de Salud,2016,04/05/2016,,Licitación Pública,26,2015,Original,Leche en polvo fortificada,"Leche entera en polvo, instantánea, fortificada con hierro, zinc y ácido ascórbico, según Ley 25.459",1,330.000,Estuche 1000 g,"62,20",Manfrey Cooperativa de Tamberos de Comercialización e Industrialización Limitada,Manfrey Cooperativa de Tamberos de Comercialización e Industrialización Limitada,"20.526.000,00",OC adjunta en respuesta de la Seecretaría de Salud,,
Ministerio de Salud,2016,04/05/2016,,Licitación Pública,26,2015,Original,Leche en polvo fortificada,"Leche entera en polvo, instantánea, fortificada con hierro, zinc y ácido ascórbico, según Ley 25.459",1,180.000,Estuche 1000 g,"62,50",Mastellone Hnos S.A.,Mastellone Hnos S.A.,"11.250.000,00",OC adjunta en respuesta de la Seecretaría de Salud,,
Ministerio de Salud,2016,04/05/2016,,Licitación Pública,26,2015,Original,Leche en polvo fortificada,"Leche entera en polvo, instantánea, fortificada con hierro, zinc y ácido ascórbico, según Ley 25.459",2,125.000,Estuche 1000 g,"62,2",Milkaut S.A.,Milkaut S.A.,"7.775.000,00",OC adjunta en respuesta de la Seecretaría de Salud,,
Ministerio de Salud,2016,04/05/2016,,Licitación Pública,26,2015,Original,Leche en polvo fortificada,"Leche entera en polvo, instantánea, fortificada con hierro, zinc y ácido ascórbico, según Ley 25.459",4,200.000,Estuche 1000 g,"67,00",Milkaut S.A.,Milkaut S.A.,"13.400.000,00",OC adjunta en respuesta de la Seecretaría de Salud,,
Ministerio de Salud,2016,04/05/2016,,Licitación Pública,26,2015,Original,Leche en polvo fortificada,"Leche entera en polvo, instantánea, fortificada con hierro, zinc y ácido ascórbico, según Ley 25.459",5,165.000,Estuche 1000 g,"65,20",Milkaut S.A.,Milkaut S.A.,"10.758.000,00",OC adjunta en respuesta de la Seecretaría de Salud,,
Ministerio de Salud,2016,04/05/2016,,Licitación Pública,26,2015,Original,Leche en polvo fortificada,"Leche entera en polvo, instantánea, fortificada con hierro, zinc y ácido ascórbico, según Ley 25.459",5,1.200.000,Estuche 1000 g,"65,90",Sociedad Anónima La Sibila,Sociedad Anónima La Sibila,"79.080.000,00",OC adjunta en respuesta de la Seecretaría de Salud,,
Ministerio de Salud,2016,04/05/2016,,Licitación Pública,26,2015,Original,Leche en polvo fortificada,"Leche entera en polvo, instantánea, fortificada con hierro, zinc y ácido ascórbico, según Ley 25.459",1,643.200,Envase 1 kgr,"62,80",Sancor Cooperativas Unidas Limitada,Sancor Cooperativas Unidas Limitada,"40.392.960,00",OC adjunta en respuesta de la Seecretaría de Salud,,
Ministerio de Salud,2016,04/05/2016,,Licitación Pública,26,2015,Original,Leche en polvo fortificada,"Leche entera en polvo, instantánea, fortificada con hierro, zinc y ácido ascórbico, según Ley 25.459",2,693.400,Envase 1 kgr,"62,60",Sancor Cooperativas Unidas Limitada,Sancor Cooperativas Unidas Limitada,"43.406.840,00",OC adjunta en respuesta de la Seecretaría de Salud,,
Ministerio de Salud,2016,04/05/2016,,Licitación Pública,26,2015,Original,Leche en polvo fortificada,"Leche entera en polvo, instantánea, fortificada con hierro, zinc y ácido ascórbico, según Ley 25.459",6,394.000,Envase 1 kgr,"63,00",Sancor Cooperativas Unidas Limitada,Sancor Cooperativas Unidas Limitada,"24.822.000,00",OC adjunta en respuesta de la Seecretaría de Salud,,
Ministerio de Salud,2016,04/05/2016,,Licitación Pública,26,2015,Original,Leche en polvo fortificada,"Leche entera en polvo, instantánea, fortificada con hierro, zinc y ácido ascórbico, según Ley 25.459",4,1.170.400,Envase 1 kgr,"68,76",Verónica S.A.C.I.A.F.E.I.,Verónica S.A.C.I.A.F.E.I.,"80.476.704,00",OC adjunta en respuesta de la Seecretaría de Salud,,
Ministerio de Salud,2016,04/05/2016,,Licitación Pública,26,2015,Original,Leche en polvo fortificada,"Leche entera en polvo, instantánea, fortificada con hierro, zinc y ácido ascórbico, según Ley 25.459",3,607.600,Envase 1 kgr,"67,9",Sucesores de Alfredo Williner S.A.,Sucesores de Alfredo Williner S.A.,"41.256.040,00",OC adjunta en respuesta de la Seecretaría de Salud,,
Ministerio de Salud,2016,04/05/2016,,Licitación Pública,26,2015,Original,Leche en polvo fortificada,"Leche entera en polvo, instantánea, fortificada con hierro, zinc y ácido ascórbico, según Ley 25.459",5,135.000,Envase 1 kgr,"65,8",Sucesores de Alfredo Williner S.A.,Sucesores de Alfredo Williner S.A.,"8.883.000,00",OC adjunta en respuesta de la Seecretaría de Salud,,
Ministerio de Salud,2016,24/08/2016,,Licitación Pública,26,2015,Ampliación orden de compra,Leche en polvo fortificada,"Leche entera en polvo, instantánea, fortificada con hierro, zinc y ácido ascórbico, según Ley 25.459",1,60.000,Envase 1 kgr,"62,20",Alimentos Vida S.A.,Alimentos Vida S.A.,"3.732.000,00",OC adjunta en respuesta de la Seecretaría de Salud,,
Ministerio de Salud,2016,24/08/2016,,Licitación Pública,26,2015,Ampliación orden de compra,Leche en polvo fortificada,"Leche entera en polvo, instantánea, fortificada con hierro, zinc y ácido ascórbico, según Ley 25.459",5,7.280,Envase 1 kgr,"66,50",Garcia Hernamos Agroindustrial S.R.L.,García Hernamos Agroindustrial S.R.L.,"484.120,00",OC adjunta en respuesta de la Seecretaría de Salud,,
Ministerio de Salud,2016,24/08/2016,,Licitación Pública,26,2015,Ampliación orden de compra,Leche en polvo fortificada,"Leche entera en polvo, instantánea, fortificada con hierro, zinc y ácido ascórbico, según Ley 25.459",1,40.000,Envase 1 kgr,"62,70",Lácteos La Ramada S.A.,Lácteos La Ramada S.A.,"2.508.000,00",OC adjunta en respuesta de la Seecretaría de Salud,,
Ministerio de Salud,2016,24/08/2016,,Licitación Pública,26,2015,Ampliación orden de compra,Leche en polvo fortificada,"Leche entera en polvo, instantánea, fortificada con hierro, zinc y ácido ascórbico, según Ley 25.459",1,115.500,Envase 1 kgr,"62,20",Manfrey Cooperativa de Tamberos de Comercialización e Industrialización Limitada,Manfrey Cooperativa de Tamberos de Comercialización e Industrialización Limitada,"7.184.100,00",OC adjunta en respuesta de la Seecretaría de Salud,,
Ministerio de Salud,2016,24/08/2016,,Licitación Pública,26,2015,Ampliación orden de compra,Leche en polvo fortificada,"Leche entera en polvo, instantánea, fortificada con hierro, zinc y ácido ascórbico, según Ley 25.459",1,630.000,Envase 1 kgr,"62,50",Mastellone Hnos S.A.,Mastellone Hnos S.A.,"39.375.000,00",OC adjunta en respuesta de la Seecretaría de Salud,,
Ministerio de Salud,2016,24/08/2016,,Licitación Pública,26,2015,Ampliación orden de compra,Leche en polvo fortificada,"Leche entera en polvo, instantánea, fortificada con hierro, zinc y ácido ascórbico, según Ley 25.459",2,25.000,Envase 1 kgr,"62,2",Milkaut S.A.,Milkaut S.A.,"1.555.000,00",OC adjunta en respuesta de la Seecretaría de Salud,,
Ministerio de Salud,2016,24/08/2016,,Licitación Pública,26,2015,Ampliación orden de compra,Leche en polvo fortificada,"Leche entera en polvo, instantánea, fortificada con hierro, zinc y ácido ascórbico, según Ley 25.459",4,40.000,Envase 1 kgr,"67,00",Milkaut S.A.,Milkaut S.A.,"2.680.000,00",OC adjunta en respuesta de la Seecretaría de Salud,,
Ministerio de Salud,2016,24/08/2016,,Licitación Pública,26,2015,Ampliación orden de compra,Leche en polvo fortificada,"Leche entera en polvo, instantánea, fortificada con hierro, zinc y ácido ascórbico, según Ley 25.459",5,33.000,Envase 1 kgr,"65,20",Milkaut S.A.,Milkaut S.A.,"2.151.600,00",OC adjunta en respuesta de la Seecretaría de Salud,,
Ministerio de Salud,2016,24/08/2016,,Licitación Pública,26,2015,Ampliación orden de compra,Leche en polvo fortificada,"Leche entera en polvo, instantánea, fortificada con hierro, zinc y ácido ascórbico, según Ley 25.459",5,420.000,Envase 1 kgr,"65,90",Sociedad Anónima La Sibila,Sociedad Anónima La Sibila,"27.678.000,00",OC adjunta en respuesta de la Seecretaría de Salud,,
Ministerio de Salud,2016,24/08/2016,,Licitación Pública,26,2015,Ampliación orden de compra,Leche en polvo fortificada,"Leche entera en polvo, instantánea, fortificada con hierro, zinc y ácido ascórbico, según Ley 25.459",1,225.120,Envase 1 kgr,"62,80",Sancor Cooperativas Unidas Limitada,Sancor Cooperativas Unidas Limitada,"14.137.536,00",OC adjunta en respuesta de la Seecretaría de Salud,,
Ministerio de Salud,2016,24/08/2016,,Licitación Pública,26,2015,Ampliación orden de compra,Leche en polvo fortificada,"Leche entera en polvo, instantánea, fortificada con hierro, zinc y ácido ascórbico, según Ley 25.459",2,242.690,Envase 1 kgr,"62,60",Sancor Cooperativas Unidas Limitada,Sancor Cooperativas Unidas Limitada,"15.192.394,00",OC adjunta en respuesta de la Seecretaría de Salud,,
Ministerio de Salud,2016,24/08/2016,,Licitación Pública,26,2015,Ampliación orden de compra,Leche en polvo fortificada,"Leche entera en polvo, instantánea, fortificada con hierro, zinc y ácido ascórbico, según Ley 25.459",6,137.900,Envase 1 kgr,"63,00",Sancor Cooperativas Unidas Limitada,Sancor Cooperativas Unidas Limitada,"8.687.700,00",OC adjunta en respuesta de la Seecretaría de Salud,,
Ministerio de Salud,2016,24/08/2016,,Licitación Pública,26,2015,Ampliación orden de compra,Leche en polvo fortificada,"Leche entera en polvo, instantánea, fortificada con hierro, zinc y ácido ascórbico, según Ley 25.459",4,409.640,Envase 1 kgr,"68,76",Verónica S.A.C.I.A.F.E.I.,Verónica S.A.C.I.A.F.E.I.,"28.166.846,40",OC adjunta en respuesta de la Seecretaría de Salud,,
Ministerio de Salud,2016,24/08/2016,,Licitación Pública,26,2015,Ampliación orden de compra,Leche en polvo fortificada,"Leche entera en polvo, instantánea, fortificada con hierro, zinc y ácido ascórbico, según Ley 25.459",3,212.660,Envase 1 kgr,"67,9",Sucesores de Alfredo Williner S.A.,Sucesores de Alfredo Williner S.A.,"14.439.614,00",OC adjunta en respuesta de la Seecretaría de Salud,,
Ministerio de Salud,2016,24/08/2016,,Licitación Pública,26,2015,Ampliación orden de compra,Leche en polvo fortificada,"Leche entera en polvo, instantánea, fortificada con hierro, zinc y ácido ascórbico, según Ley 25.459",5,47.250,Envase 1 kgr,"65,8",Sucesores de Alfredo Williner S.A.,Sucesores de Alfredo Williner S.A.,"3.109.050,00",OC adjunta en respuesta de la Seecretaría de Salud,,
Ministerio de Salud,2015,27/01/2015,,Licitación Pública,17,2014,Original,Leche en polvo fortificada,"Leche entera en polvo, instantánea, fortificada con hierro, zinc y ácido ascórbico, según Ley 25.459",1,300.000,Envase 1 kgr,"65,74",Manfrey Cooperativa de Tamberos de Comercialización e Industrialización Limitada,Manfrey Cooperativa de Tamberos de Comercialización e Industrialización Limitada,"19.722.000,00",OC adjunta en respuesta de la Seecretaría de Salud,,
Ministerio de Salud,2015,27/01/2015,,Licitación Pública,17,2014,Original,Leche en polvo fortificada,"Leche entera en polvo, instantánea, fortificada con hierro, zinc y ácido ascórbico, según Ley 25.459",1,480.000,Envase 1 kgr,"62,89",Milkaut S.A.,Milkaut S.A.,"30.187.200,00",OC adjunta en respuesta de la Seecretaría de Salud,,
Ministerio de Salud,2015,27/01/2015,,Licitación Pública,17,2014,Original,Leche en polvo fortificada,"Leche entera en polvo, instantánea, fortificada con hierro, zinc y ácido ascórbico, según Ley 25.459",4,1.256.700,Envase 1 kgr,"66,81",Verónica S.A.C.I.A.F.E.I.,Verónica S.A.C.I.A.F.E.I.,"83.960.127,00",OC adjunta en respuesta de la Seecretaría de Salud,,
Ministerio de Salud,2015,27/01/2015,,Licitación Pública,17,2014,Original,Leche en polvo fortificada,"Leche entera en polvo, instantánea, fortificada con hierro, zinc y ácido ascórbico, según Ley 25.459",1,400.000,Envase 1 kgr,"58,49",Compañía Americana de Alimentos S.A.,Compañía de Alimentos S.A.,"23.396.000,00",OC adjunta en respuesta de la Seecretaría de Salud,,
Ministerio de Salud,2015,27/01/2015,,Licitación Pública,17,2014,Original,Leche en polvo fortificada,"Leche entera en polvo, instantánea, fortificada con hierro, zinc y ácido ascórbico, según Ley 25.459",4,100.000,Envase 1 kgr,"62,39",Compañía Americana de Alimentos S.A.,Compañía de Alimentos S.A.,"6.239.000,00",OC adjunta en respuesta de la Seecretaría de Salud,,
Ministerio de Salud,2015,27/01/2015,,Licitación Pública,17,2014,Original,Leche en polvo fortificada,"Leche entera en polvo, instantánea, fortificada con hierro, zinc y ácido ascórbico, según Ley 25.459",5,100.000,Envase 1 kgr,"63,39",Compañía Americana de Alimentos S.A.,Compañía de Alimentos S.A.,"6.339.000,00",OC adjunta en respuesta de la Seecretaría de Salud,,
Ministerio de Salud,2015,27/01/2015,,Licitación Pública,17,2014,Original,Leche en polvo fortificada,"Leche entera en polvo, instantánea, fortificada con hierro, zinc y ácido ascórbico, según Ley 25.459",6,200.000,Envase 1 kgr,"64,39",Compañía Americana de Alimentos S.A.,Compañía de Alimentos S.A.,"12.878.000,00",OC adjunta en respuesta de la Seecretaría de Salud,,
Ministerio de Salud,2015,27/01/2015,,Licitación Pública,17,2014,Original,Leche en polvo fortificada,"Leche entera en polvo, instantánea, fortificada con hierro, zinc y ácido ascórbico, según Ley 25.459",1,2.130.000,Envase 1 kgr,"62,30",Mastellone Hnos S.A.,Mastellone Hnos S.A.,"132.699.000,00",OC adjunta en respuesta de la Seecretaría de Salud,,
Ministerio de Salud,2015,27/01/2015,,Licitación Pública,17,2014,Original,Leche en polvo fortificada,"Leche entera en polvo, instantánea, fortificada con hierro, zinc y ácido ascórbico, según Ley 25.459",1,41.100,Envase 1 kgr,"66,00",Sancor Cooperativas Unidas Limitada,Sancor Cooperativas Unidas Limitada,"2.712.600,00",OC adjunta en respuesta de la Seecretaría de Salud,,
Ministerio de Salud,2015,27/01/2015,,Licitación Pública,17,2014,Original,Leche en polvo fortificada,"Leche entera en polvo, instantánea, fortificada con hierro, zinc y ácido ascórbico, según Ley 25.459",2,908.200,Envase 1 kgr,"66,00",Sancor Cooperativas Unidas Limitada,Sancor Cooperativas Unidas Limitada,"59.941.200,00",OC adjunta en respuesta de la Seecretaría de Salud,,
Ministerio de Salud,2015,27/01/2015,,Licitación Pública,17,2014,Original,Leche en polvo fortificada,"Leche entera en polvo, instantánea, fortificada con hierro, zinc y ácido ascórbico, según Ley 25.459",4,135.000,Envase 1 kgr,"66,79",Sancor Cooperativas Unidas Limitada,Sancor Cooperativas Unidas Limitada,"9.016.650,00",OC adjunta en respuesta de la Seecretaría de Salud,,
Ministerio de Salud,2015,27/01/2015,,Licitación Pública,17,2014,Original,Leche en polvo fortificada,"Leche entera en polvo, instantánea, fortificada con hierro, zinc y ácido ascórbico, según Ley 25.459",5,145.000,Envase 1 kgr,"66,79",Sancor Cooperativas Unidas Limitada,Sancor Cooperativas Unidas Limitada,"9.684.550,00",OC adjunta en respuesta de la Seecretaría de Salud,,
Ministerio de Salud,2015,27/01/2015,,Licitación Pública,17,2014,Original,Leche en polvo fortificada,"Leche entera en polvo, instantánea, fortificada con hierro, zinc y ácido ascórbico, según Ley 25.459",6,259.500,Envase 1 kgr,"66,79",Sancor Cooperativas Unidas Limitada,Sancor Cooperativas Unidas Limitada,"17.332.005,00",OC adjunta en respuesta de la Seecretaría de Salud,,
Ministerio de Salud,2015,27/01/2015,,Licitación Pública,17,2014,Original,Leche en polvo fortificada,"Leche entera en polvo, instantánea, fortificada con hierro, zinc y ácido ascórbico, según Ley 25.459",5,1.342.200,Envase 1 kgr,"66,75",Sociedad Anónima La Sibila,Sociedad Anónima La Sibila,"89.591.850,00",OC adjunta en respuesta de la Seecretaría de Salud,,
Ministerio de Salud,2015,27/01/2015,,Licitación Pública,17,2014,Original,Leche en polvo fortificada,"Leche entera en polvo, instantánea, fortificada con hierro, zinc y ácido ascórbico, según Ley 25.459",3,672.300,Envase 1 kgr,"66,8",Sucesores de Alfredo Williner S.A.,Sucesores de Alfredo Williner S.A.,"44.909.640,00",OC adjunta en respuesta de la Seecretaría de Salud,,
Ministerio de Salud,2015,27/01/2015,,Licitación Pública,17,2014,Original,Leche en polvo fortificada,"Leche entera en polvo, instantánea, fortificada con hierro, zinc y ácido ascórbico, según Ley 25.459",4,50.000,Envase 1 kgr,"66,8",Sucesores de Alfredo Williner S.A.,Sucesores de Alfredo Williner S.A.,"3.340.000,00",OC adjunta en respuesta de la Seecretaría de Salud,,
Ministerio de Salud,2015,27/01/2015,,Licitación Pública,17,2014,Original,Leche en polvo fortificada,"Leche entera en polvo, instantánea, fortificada con hierro, zinc y ácido ascórbico, según Ley 25.459",5,130.000,Envase 1 kgr,"66,8",Sucesores de Alfredo Williner S.A.,Sucesores de Alfredo Williner S.A.,"8.684.000,00",OC adjunta en respuesta de la Seecretaría de Salud,,
Ministerio de Salud,2015,27/01/2015,,Licitación Pública,17,2014,Original,Leche en polvo fortificada,"Leche entera en polvo, instantánea, fortificada con hierro, zinc y ácido ascórbico, según Ley 25.459",2,350.000,Envase 1 kgr,"65,47",Alimentos Vida S.A.,Alimentos Vida S.A.,"22.914.500,00",OC adjunta en respuesta de la Seecretaría de Salud,,
Ministerio de Salud,2015,27/01/2015,,Licitación Pública,17,2014,Original,Leche en polvo fortificada,"Leche entera en polvo, instantánea, fortificada con hierro, zinc y ácido ascórbico, según Ley 25.459",1,105.000,Envase 1 kgr,"65,74",Manfrey Cooperativa de Tamberos de Comercialización e Industrialización Limitada,Manfrey Cooperativa de Tamberos de Comercialización e Industrialización Limitada,"6.902.700,00",OC adjunta en respuesta de la Seecretaría de Salud,,
Ministerio de Salud,2015,16/07/2015,,Licitación Pública,17,2014,Ampliación de orden de compra,Leche en polvo fortificada,"Leche entera en polvo, instantánea, fortificada con hierro, zinc y ácido ascórbico, según Ley 25.459",1,168.000,Envase 1 kgr,"62,89",Milkaut S.A.,Milkaut S.A.,"10.565.520,00",OC adjunta en respuesta de la Seecretaría de Salud,,
Ministerio de Salud,2015,16/07/2015,,Licitación Pública,17,2014,Ampliación de orden de compra,Leche en polvo fortificada,"Leche entera en polvo, instantánea, fortificada con hierro, zinc y ácido ascórbico, según Ley 25.459",4,439.845,Envase 1 kgr,"66,81",Verónica S.A.C.I.A.F.E.I.,Verónica S.A.C.I.A.F.E.I.,"29.386.044,45",OC adjunta en respuesta de la Seecretaría de Salud,,
Ministerio de Salud,2015,16/07/2015,,Licitación Pública,17,2014,Ampliación de orden de compra,Leche en polvo fortificada,"Leche entera en polvo, instantánea, fortificada con hierro, zinc y ácido ascórbico, según Ley 25.459",1,140.000,Envase 1 kgr,"58,49",Compañia Americana de Alimentos S.A.,Compañía de Alimentos S.A.,"8.188.600,00",OC adjunta en respuesta de la Seecretaría de Salud,,
Ministerio de Salud,2015,16/07/2015,,Licitación Pública,17,2014,Ampliación de orden de compra,Leche en polvo fortificada,"Leche entera en polvo, instantánea, fortificada con hierro, zinc y ácido ascórbico, según Ley 25.459",4,35.000,Envase 1 kgr,"62,39",Compañia Americana de Alimentos S.A.,Compañía de Alimentos S.A.,"2.183.650,00",OC adjunta en respuesta de la Seecretaría de Salud,,
Ministerio de Salud,2015,16/07/2015,,Licitación Pública,17,2014,Ampliación de orden de compra,Leche en polvo fortificada,"Leche entera en polvo, instantánea, fortificada con hierro, zinc y ácido ascórbico, según Ley 25.459",5,35.000,Envase 1 kgr,"63,39",Compañia Americana de Alimentos S.A.,Compañía de Alimentos S.A.,"2.218.650,00",OC adjunta en respuesta de la Seecretaría de Salud,,
Ministerio de Salud,2015,16/07/2015,,Licitación Pública,17,2014,Ampliación de orden de compra,Leche en polvo fortificada,"Leche entera en polvo, instantánea, fortificada con hierro, zinc y ácido ascórbico, según Ley 25.459",6,70.000,Envase 1 kgr,"64,39",Compañia Americana de Alimentos S.A.,Compañía de Alimentos S.A.,"4.507.300,00",OC adjunta en respuesta de la Seecretaría de Salud,,
Ministerio de Salud,2015,16/07/2015,,Licitación Pública,17,2014,Ampliación de orden de compra,Leche en polvo fortificada,"Leche entera en polvo, instantánea, fortificada con hierro, zinc y ácido ascórbico, según Ley 25.459",1,745.500,Envase 1 kgr,"62,30",Mastellone Hnos S.A.,Mastellone Hnos S.A.,"46.444.650,00",OC adjunta en respuesta de la Seecretaría de Salud,,
Ministerio de Salud,2015,16/07/2015,,Licitación Pública,17,2014,Ampliación de orden de compra,Leche en polvo fortificada,"Leche entera en polvo, instantánea, fortificada con hierro, zinc y ácido ascórbico, según Ley 25.459",5,469.770,Envase 1 kgr,"66,75",Sociedad Anónima La Sibila,Sociedad Anónima La Sibila,"31.357.147,50",OC adjunta en respuesta de la Seecretaría de Salud,,
Ministerio de Salud,2015,16/07/2015,,Licitación Pública,17,2014,Ampliación de orden de compra,Leche en polvo fortificada,"Leche entera en polvo, instantánea, fortificada con hierro, zinc y ácido ascórbico, según Ley 25.459",3,235.305,Envase 1 kgr,"66,80",Sucesores de Alfredo Williner S.A.,Sucesores de Alfredo Williner S.A.,"15.718.374,00",OC adjunta en respuesta de la Seecretaría de Salud,,
Ministerio de Salud,2015,16/07/2015,,Licitación Pública,17,2014,Ampliación de orden de compra,Leche en polvo fortificada,"Leche entera en polvo, instantánea, fortificada con hierro, zinc y ácido ascórbico, según Ley 25.459",4,17.500,Envase 1 kgr,"66,80",Sucesores de Alfredo Williner S.A.,Sucesores de Alfredo Williner S.A.,"1.169.000,00",OC adjunta en respuesta de la Seecretaría de Salud,,
Ministerio de Salud,2015,16/07/2015,,Licitación Pública,17,2014,Ampliación de orden de compra,Leche en polvo fortificada,"Leche entera en polvo, instantánea, fortificada con hierro, zinc y ácido ascórbico, según Ley 25.459",5,45.500,Envase 1 kgr,"66,80",Sucesores de Alfredo Williner S.A.,Sucesores de Alfredo Williner S.A.,"3.039.400,00",OC adjunta en respuesta de la Seecretaría de Salud,,
Ministerio de Salud,2015,16/07/2015,,Licitación Pública,17,2014,Ampliación de orden de compra,Leche en polvo fortificada,"Leche entera en polvo, instantánea, fortificada con hierro, zinc y ácido ascórbico, según Ley 25.459",2,122.500,Envase 1 kgr,"65,47",Alimentos Vida S.A.,Alimentos Vida S.A.,"8.020.075,00",OC adjunta en respuesta de la Seecretaría de Salud,,
Ministerio de Salud,2014,28/05/2014,,Licitación Pública,44,2013,Original,Leche en polvo fortificada,"Leche entera en polvo, instantánea, fortificada con hierro, zinc y ácido ascórbico, según Ley 25.459",1,3.200,Envase 1 kgr,"53,5",Sancor Cooperativas Unidas Limitada,Sancor Cooperativas Unidas Limitada,"171.200,00",OC adjunta en respuesta de la Seecretaría de Salud,,
Ministerio de Salud,2014,28/05/2014,,Licitación Pública,44,2013,Original,Leche en polvo fortificada,"Leche entera en polvo, instantánea, fortificada con hierro, zinc y ácido ascórbico, según Ley 25.459",2,718.400,Envase 1 kgr,"51,50",Sancor Cooperativas Unidas Limitada,Sancor Cooperativas Unidas Limitada,"36.997.600,00",OC adjunta en respuesta de la Seecretaría de Salud,,
Ministerio de Salud,2014,28/05/2014,,Licitación Pública,44,2013,Original,Leche en polvo fortificada,"Leche entera en polvo, instantánea, fortificada con hierro, zinc y ácido ascórbico, según Ley 25.459",6,414.000,Envase 1 kgr,"55,00",Sancor Cooperativas Unidas Limitada,Sancor Cooperativas Unidas Limitada,"22.770.000,00",OC adjunta en respuesta de la Seecretaría de Salud,,
Ministerio de Salud,2014,28/05/2014,,Licitación Pública,44,2013,Original,Leche en polvo fortificada,"Leche entera en polvo, instantánea, fortificada con hierro, zinc y ácido ascórbico, según Ley 25.459",4,1.300.400,Envase 1 kgr,"55,5",Verónica S.A.C.I.A.F.E.I.,Verónica S.A.C.I.A.F.E.I.,"72.172.200,00",OC adjunta en respuesta de la Seecretaría de Salud,,
Ministerio de Salud,2014,28/05/2014,,Licitación Pública,44,2013,Original,Leche en polvo fortificada,"Leche entera en polvo, instantánea, fortificada con hierro, zinc y ácido ascórbico, según Ley 25.459",3,597.600,Envase 1 kgr,"53,60",Sucesores de Alfredo Williner S.A.,Sucesores de Alfredo Williner S.A.,"32.031.360,00",OC adjunta en respuesta de la Seecretaría de Salud,,
Ministerio de Salud,2014,28/05/2014,,Licitación Pública,44,2013,Original,Leche en polvo fortificada,"Leche entera en polvo, instantánea, fortificada con hierro, zinc y ácido ascórbico, según Ley 25.459",4,70.000,Envase 1 kgr,"55,00",Sucesores de Alfredo Williner S.A.,Sucesores de Alfredo Williner S.A.,"3.850.000,00",OC adjunta en respuesta de la Seecretaría de Salud,,
Ministerio de Salud,2014,28/05/2014,,Licitación Pública,44,2013,Original,Leche en polvo fortificada,"Leche entera en polvo, instantánea, fortificada con hierro, zinc y ácido ascórbico, según Ley 25.459",6,100.000,Envase 1 kgr,"54,50",Sucesores de Alfredo Williner S.A.,Sucesores de Alfredo Williner S.A.,"5.450.000,00",OC adjunta en respuesta de la Seecretaría de Salud,,
Ministerio de Salud,2014,28/05/2014,,Licitación Pública,44,2013,Original,Leche en polvo fortificada,"Leche entera en polvo, instantánea, fortificada con hierro, zinc y ácido ascórbico, según Ley 25.459",1,2.000.000,Envase 1 kgr,"51,20",Mastellone Hnos S.A.,Mastellone Hnos S.A.,"102.400.000,00",OC adjunta en respuesta de la Seecretaría de Salud,,
Ministerio de Salud,2014,28/05/2014,,Licitación Pública,44,2013,Original,Leche en polvo fortificada,"Leche entera en polvo, instantánea, fortificada con hierro, zinc y ácido ascórbico, según Ley 25.459",1,270.000,Envase 1 kgr,"52,80",Manfrey Cooperativa de Tamberos de Comercialización e Industrialización Limitada,Manfrey Cooperativa de Tamberos de Comercialización e Industrialización Limitada,"14.256.000,00",OC adjunta en respuesta de la Seecretaría de Salud,,
Ministerio de Salud,2014,28/05/2014,,Licitación Pública,44,2013,Original,Leche en polvo fortificada,"Leche entera en polvo, instantánea, fortificada con hierro, zinc y ácido ascórbico, según Ley 25.459",1,300.000,Envase 1 kgr,"53,10",Milkaut S.A.,Milkaut S.A.,"15.930.000,00",OC adjunta en respuesta de la Seecretaría de Salud,,
Ministerio de Salud,2014,28/05/2014,,Licitación Pública,44,2013,Original,Leche en polvo fortificada,"Leche entera en polvo, instantánea, fortificada con hierro, zinc y ácido ascórbico, según Ley 25.459",1,100.000,Envase 1 kgr,"51,20",Alimentos Vida S.A.,Alimentos Vida S.A.,"5.120.000,00",OC adjunta en respuesta de la Seecretaría de Salud,,
Ministerio de Salud,2014,28/05/2014,,Licitación Pública,44,2013,Original,Leche en polvo fortificada,"Leche entera en polvo, instantánea, fortificada con hierro, zinc y ácido ascórbico, según Ley 25.459",2,400.000,Envase 1 kgr,"51,50",Alimentos Vida S.A.,Alimentos Vida S.A.,"20.600.000,00",OC adjunta en respuesta de la Seecretaría de Salud,,
Ministerio de Salud,2014,28/05/2014,,Licitación Pública,44,2013,Original,Leche en polvo fortificada,"Leche entera en polvo, instantánea, fortificada con hierro, zinc y ácido ascórbico, según Ley 25.459",5,1.426.400,Envase 1 kgr,"54,90",Sociedad Anónima La Sibila,Sociedad Anónima La Sibila,"78.309.360,00",OC adjunta en respuesta de la Seecretaría de Salud,,
Ministerio de Salud,2014,28/05/2014,,Licitación Pública,44,2013,Original,Leche en polvo fortificada,"Leche entera en polvo, instantánea, fortificada con hierro, zinc y ácido ascórbico, según Ley 25.459",1,300.000,Envase 1 kgr,"53,50",Compañia Americana de Alimentos S.A.,Compañía de Alimentos S.A.,"16.050.000,00",OC adjunta en respuesta de la Seecretaría de Salud,,
Ministerio de Salud,2014,09/10/2014,,Licitación Pública,44,2013,Ampliación de orden de compra,Leche en polvo fortificada,"Leche entera en polvo, instantánea, fortificada con hierro, zinc y ácido ascórbico, según Ley 25.459",3,209.160,Envase 1 kgr,"53,60",Sucesores de Alfredo Williner S.A.,Sucesores de Alfredo Williner S.A.,"11.210.976,00",OC adjunta en respuesta de la Seecretaría de Salud,,
Ministerio de Salud,2014,09/10/2014,,Licitación Pública,44,2013,Ampliación de orden de compra,Leche en polvo fortificada,"Leche entera en polvo, instantánea, fortificada con hierro, zinc y ácido ascórbico, según Ley 25.459",4,24.500,Envase 1 kgr,"55,00",Sucesores de Alfredo Williner S.A.,Sucesores de Alfredo Williner S.A.,"1.347.500,00",OC adjunta en respuesta de la Seecretaría de Salud,,
Ministerio de Salud,2014,09/10/2014,,Licitación Pública,44,2013,Ampliación de orden de compra,Leche en polvo fortificada,"Leche entera en polvo, instantánea, fortificada con hierro, zinc y ácido ascórbico, según Ley 25.459",5,35.000,Envase 1 kgr,"54,50",Sucesores de Alfredo Williner S.A.,Sucesores de Alfredo Williner S.A.,"1.907.500,00",OC adjunta en respuesta de la Seecretaría de Salud,,
Ministerio de Salud,2014,09/10/2014,,Licitación Pública,44,2013,Ampliación de orden de compra,Leche en polvo fortificada,"Leche entera en polvo, instantánea, fortificada con hierro, zinc y ácido ascórbico, según Ley 25.459",1,700.000,Envase 1 kgr,"51,20",Mastellone Hnos S.A.,Mastellone Hnos S.A.,"35.840.000,00",OC adjunta en respuesta de la Seecretaría de Salud,,
Ministerio de Salud,2014,09/10/2014,,Licitación Pública,44,2013,Ampliación de orden de compra,Leche en polvo fortificada,"Leche entera en polvo, instantánea, fortificada con hierro, zinc y ácido ascórbico, según Ley 25.459",1,94.500,Envase 1 kgr,"52,80",Manfrey Cooperativa de Tamberos de Comercialización e Industrialización Limitada,Manfrey Cooperativa de Tamberos de Comercialización e Industrialización Limitada,"4.989.600,00",OC adjunta en respuesta de la Seecretaría de Salud,,
Ministerio de Salud,2014,09/10/2014,,Licitación Pública,44,2013,Ampliación de orden de compra,Leche en polvo fortificada,"Leche entera en polvo, instantánea, fortificada con hierro, zinc y ácido ascórbico, según Ley 25.459",1,105.000,Envase 1 kgr,"53,10",Milkaut S.A.,Milkaut S.A.,"5.575.500,00",OC adjunta en respuesta de la Seecretaría de Salud,,
Ministerio de Salud,2014,09/10/2014,,Licitación Pública,44,2013,Ampliación de orden de compra,Leche en polvo fortificada,"Leche entera en polvo, instantánea, fortificada con hierro, zinc y ácido ascórbico, según Ley 25.459",1,35.000,Envase 1 kgr,"51,20",Alimentos Vida S.A.,Alimentos Vida S.A.,"1.792.000,00",OC adjunta en respuesta de la Seecretaría de Salud,,
Ministerio de Salud,2014,09/10/2014,,Licitación Pública,44,2013,Ampliación de orden de compra,Leche en polvo fortificada,"Leche entera en polvo, instantánea, fortificada con hierro, zinc y ácido ascórbico, según Ley 25.459",2,140.000,Envase 1 kgr,"51,50",Alimentos Vida S.A.,Alimentos Vida S.A.,"7.210.000,00",OC adjunta en respuesta de la Seecretaría de Salud,,
Ministerio de Salud,2014,09/10/2014,,Licitación Pública,44,2013,Ampliación de orden de compra,Leche en polvo fortificada,"Leche entera en polvo, instantánea, fortificada con hierro, zinc y ácido ascórbico, según Ley 25.459",5,499.240,Envase 1 kgr,"54,90",Sociedad Anónima La Sibila,Sociedad Anónima La Sibila,"27.408.276,00",OC adjunta en respuesta de la Seecretaría de Salud,,
Ministerio de Salud,2014,09/10/2014,,Licitación Pública,44,2013,Ampliación de orden de compra,Leche en polvo fortificada,"Leche entera en polvo, instantánea, fortificada con hierro, zinc y ácido ascórbico, según Ley 25.459",1,105.000,Envase 1 kgr,"53,50",Compañia Americana de Alimentos S.A.,Compañía de Alimentos S.A.,"5.617.500,00",OC adjunta en respuesta de la Seecretaría de Salud,,
Ministerio de Salud,2014,09/10/2014,,Licitación Pública,44,2013,Ampliación de orden de compra,Leche en polvo fortificada,"Leche entera en polvo, instantánea, fortificada con hierro, zinc y ácido ascórbico, según Ley 25.459",4,455.140,Envase 1 kgr,"55,50",Verónica S.A.C.I.A.F.E.I.,Verónica S.A.C.I.A.F.E.I.,"25.260.270,00",OC adjunta en respuesta de la Seecretaría de Salud,,